authors,categories,disc_prices,reg_prices,titles
by Ann M. Martin and Gale Galligan,Used&nbspTrade Paperback,$7.50,$10.99,Boy-Crazy Stacey (The Baby-Sitters Club Graphic Novels #7)
by Peter Matthiessen,Used&nbspTrade Paperback,$7.50,$22.00,Shadow Country A New Rendering of the Watson Legend
"by Paul Tobin, Brian Smith, Matt J Rainwater",Used&nbspHardcover,$7.50,$10.99,Plants vs Zombies 07 Battle Extravagonzo
by Raina Telgemeier,Used&nbspTrade Paperback,$7.50,$10.99,Baby-Sitters Club: Mary Anne Saves the Day
by Sandra Boynton,Used&nbspBoard Book,$7.50,$7.95,Belly Button Book
by Pema Chodron,Used&nbspTrade Paperback,$7.50,$14.00,Taking the Leap Freeing Ourselves from Old Habits & Fears
"by Gabriel Garcia Marquez, Gregory Rabassa",Used&nbspTrade Paperback,$7.50,$18.99,One Hundred Years of Solitude
by Patrick Rothfuss,Used&nbspTrade Paperback,$7.50,$19.00,The Name of the Wind
by Brian K Vaughan and Cliff Chiang,Used&nbspTrade Paperback,$7.50,$12.99,Paper Girls: Volume 2
by Still Life: Chief Inspector Gamache 1,Used&nbspMass Market,$7.50,$7.99,Still Life
by Neal Stephenson,Used&nbspHardcover,$7.50,$35.00,Reamde
by David Foster Wallace,Used&nbspTrade Paperback,$7.50,$22.99,Infinite Jest
by Cassandra Clare,Used&nbspTrade Paperback,$7.50,$9.99,Mortal Instruments 01 City of Bones
by Lee Child,Used&nbspMass Market,$7.50,$9.99,Killing Floor: Jack Reacher 1
by Oliver Sacks,Used&nbspHardcover,$7.50,$25.00,Musicophilia Tales of Music & the Brain
by Holly Black,Used&nbspHardcover,$7.50,$19.99,The Wicked King
"by Eva Chen, Derek Desierto",Used&nbspBoard Book,$7.50,$9.99,A is for Awesome 23 Iconic Women Who Changed the World
by Holly Black,Used&nbspTrade Paperback,$7.50,$12.99,Darkest Part of the Forest
by Brian K Vaughan and Fiona Staples,Used&nbspTrade Paperback,$7.50,$14.99,Saga: Volume 7
by Louise Erdrich,Used&nbspTrade Paperback,$7.50,$16.99,The Round House
by Jodi Picoult,Used&nbspTrade Paperback,$7.50,$16.99,Vanishing Acts
by Bill Watterson,Used&nbspTrade Paperback,$7.50,$18.99,Essential Calvin & Hobbes A Calvin & Hobbes Treasury
by Ursula K Le Guin,Used&nbspTrade Paperback,$7.50,$15.99,Words Are My Matter: Writings on Life and Books
by Don Freeman,Used&nbspTrade Paperback,$7.50,$7.99,Corduroy
by Edward Abbey,Used&nbspTrade Paperback,$7.50,$13.00,Monkey Wrench Gang
by Aldous Huxley,Used&nbspTrade Paperback,$7.50,$11.95,Brave New World
"by Caitlin Alifirenka, Martin Ganda, Liz Welch",Used&nbspTrade Paperback,$7.50,$11.99,I Will Always Write Back How One Letter Changed Two Lives
by Robert Jordan,Used&nbspMass Market,$7.50,$9.99,Knife of Dreams Wheel of Time 11
by Neil Gaiman,Used&nbspTrade Paperback,$7.50,$14.95,American Gods
by Neil Gaiman,Used&nbspTrade Paperback,$7.50,$19.99,American Gods the Tenth Anniversary Edition
by Pendleton Woolen Mills,Used&nbspMiscellaneous,$7.50,$35.00,Pendleton Chess & Checkers Set Travel Ready Roll Up Game
by Svetlana Chmakova,Used&nbspTrade Paperback,$7.50,$11.00,Berrybrook 02 Brave
by Betsy E. Snyder,Used&nbspBoard Book,$7.50,$6.99,Haiku Baby
by Stieg Larsson,Used&nbspMass Market,$7.50,$7.99,Girl Who Played with Fire
by Liane Moriarty,Used&nbspTrade Paperback,$7.50,$16.00,What Alice Forgot
by Kazu Kibuishi,Used&nbspTrade Paperback,$7.50,$12.99,Amulet 06 Escape From Lucien
by Haemin Sunim,Used&nbspHardcover,$7.50,$20.00,Things You Can See Only When You Slow Down How to Be Calm & Mindful in a Fast Paced World
by Scholastic,Used&nbspHardcover,$7.50,$7.99,Minecraft Construction Handbook An Official Mojang Book
by Brian K Vaughan and Fiona Staples,Used&nbspTrade Paperback,$7.50,$14.99,Saga: Volume 3
by Eric Carle,Used&nbspBoard Book,$7.50,$9.99,Mister Seahorse Board Book
by Michael Connelly,Used&nbspHardcover,$7.50,$29.00,Law of Innocence
by Steven R Gundry,Used&nbspHardcover,$7.50,$29.99,Plant Paradox The Hidden Dangers in Healthy Foods That Cause Disease & Weight Gain
by Laurie Halse Anderson,Used&nbspTrade Paperback,$7.50,$10.99,Speak
"by Rachel Cohn, David Levithan",Used&nbspTrade Paperback,$7.50,$9.99,Dash & Lily 03 Mind the Gap Dash & Lily
by ONE and Yusuke Murata,Used&nbspTrade Paperback,$7.50,$9.99,One Punch Man Volume 01
by Nancy Farmer,Used&nbspTrade Paperback,$7.50,$12.99,House of the Scorpion
by Tim O'Brien,Used&nbspTrade Paperback,$7.50,$13.95,The Things They Carried
by Alan Moore and Dave Gibbons,Used&nbspTrade Paperback,$7.50,$19.99,Watchmen
by Michael Pollan,Used&nbspTrade Paperback,$7.50,$18.00,In Defense of Food: An Eater's Manifesto
"by Millard, Candice",Used&nbspTrade Paperback,$7.50,$17.00,The River of Doubt: Theodore Roosevelt's Darkest Journey
by William Sullivan,Used&nbspTrade Paperback,$11.95,$18.95,100 Hikes Oregon Coast & Coast Range 3rd Edition
by F Scott Fitzgerald,Used&nbspMass Market,$11.95,,The Great Gatsby
"by Roxane Gay, Heidi Pitlor",Used&nbspTrade Paperback,$11.95,$15.99,The Best American Short Stories 2018
by Bill Bryson,Used&nbspTrade Paperback,$11.95,$20.00,A Short History of Nearly Everything
by Wilson Rawls,Used&nbspMass Market,$11.95,$8.99,Where the Red Fern Grows The Story of Two Dogs & a Boy
by Ruth Reichl,Used&nbspTrade Paperback,$11.95,$18.00,Garlic & Sapphires The Secret Life of a Critic in Disguise
by Viktor E Frankl,Used&nbspTrade Paperback,$11.95,$11.00,Mans Search For Meaning An Introduction To Logotherapy
by Janet Evanovich,Used&nbspMass Market,$11.95,$8.99,Twelve Sharp
by Jen Wang,Used&nbspTrade Paperback,$11.95,$12.99,Stargazing
by Chuck Wendig,Used&nbspMass Market,$11.95,$9.99,Aftermath: Star Wars: Journey to Star Wars The Force Awakens
"by Laura Numeroff, Felicia Bond",Used&nbspHardcover,$11.95,$17.99,If You Give a Mouse a Cookie
by Joseph Fink and Jeffrey Cranor,Used&nbspHardcover,$11.95,$21.99,Welcome to Night Vale: Welcome to Night Vale 1
"by Muth, Jon J.",Used&nbspHardcover,$11.95,$17.99,Zen Shorts
by Tim Federle,Used&nbspHardcover,$11.95,$15.00,Tequila Mockingbird: Cocktails with a Literary Twist
by Nina Montenegro and Sonya Montenegro,Used&nbspHardcover,$11.95,$24.95,Mending Life: A Handbook for Repairing Clothes and Hearts
by Dave Eggers,Used&nbspTrade Paperback,$11.95,$16.95,The Circle
by Malcolm Gladwell,Used&nbspHardcover,$11.95,$29.00,David & Goliath Underdogs Misfits & The Art of Battling Giants
by Joseph Campbell,Used&nbspTrade Paperback,$11.95,$15.95,Hero With A Thousand Faces 2nd Edition
by Jenny Lawson,Used&nbspHardcover,$11.95,$25.95,Lets Pretend This Never Happened A Mostly True Memoir
by Mark Pryor,Used&nbspTrade Paperback,$11.95,$18.95,Paris Librarian A Hugo Marston Novel
by Laura O Foster,Used&nbspTrade Paperback,$11.95,$17.95,Portland Hill Walks 1st Edition Twenty Explorations in Parks & Neighborhoods
by Liza Mundy,Used&nbspTrade Paperback,$11.95,$16.99,Code Girls The Untold Story of the American Women Code Breakers of World War II
by Erin Hunter,Used&nbspTrade Paperback,$11.95,$6.99,Warriors 01 Into the Wild
"by Aurelius, Marcus",Used&nbspTrade Paperback,$11.95,$11.00,Meditations
by R J Palacio,Used&nbspHardcover,$11.95,$16.99,Wonder
by Daniel Silva,Used&nbspHardcover,$11.95,$28.99,Order A Novel
by Ron Chernow,Used&nbspTrade Paperback,$11.95,$22.00,Grant
by Florence Williams,Used&nbspTrade Paperback,$11.95,$15.95,"The Nature Fix: Why Nature Makes Us Happier, Healthier, and More Creative"
by Marie Lu,Used&nbspTrade Paperback,$11.95,$11.99,Legend 02 Prodigy
by Leigh Calvez,Used&nbspTrade Paperback,$11.95,$18.95,The Hidden Lives of Owls: The Science and Spirit of Nature's Most Elusive Birds
by Jeff Kinney,Used&nbspHardcover,$11.95,$13.95,The Last Straw (Diary of a Wimpy Kid #3)
by Jeffrey Eugenides,Used&nbspTrade Paperback,$11.95,$16.00,The Virgin Suicides
by Ivan Doig,Used&nbspTrade Paperback,$11.95,$15.99,Whistling Season
by Cixin Liu,Used&nbspTrade Paperback,$11.95,$17.99,Death's End: Remembrance of Earth's Past 3
by Tana French,Used&nbspHardcover,$11.95,$27.95,Secret Place
by Jen Sincero,Used&nbspHardcover,$11.95,$25.00,You Are a Badass at Making Money: Master the Mindset of Wealth
by Dana Simpson,Used&nbspTrade Paperback,$11.95,$9.99,Phoebe & Her Unicorn 09 Unicorn Bowling
by Ann Leckie,Used&nbspTrade Paperback,$11.95,$16.99,Ancillary Justice: Imperial Radch 1
"by Trenton Lee Stewart, Diana Sudyka",Used&nbspTrade Paperback,$11.95,$9.99,Mysterious Benedict Society 02 & the Perilous Journey
by Chimamanda Ngozi Adichie,Used&nbspTrade Paperback,$11.95,$16.95,Purple Hibiscus
by Ann Patchett,Used&nbspTrade Paperback,$11.95,,Patron Saint Of Liars
by Junji Ito,Used&nbspHardcover,$11.95,$22.99,Shiver: Selected Stories
by Lauren Groff,Used&nbspHardcover,$11.95,$27.95,Fates and Furies
by Ray Bradbury,Used&nbspMass Market,$11.95,$7.99,Something Wicked This Way Comes
by Naomi Klein,Used&nbspHardcover,$11.95,$30.00,This Changes Everything Capitalism vs the Climate
by James S A Corey,Used&nbspHardcover,$11.95,$30.00,Tiamat's Wrath: Expanse 8
by National Audubon Society,Used&nbspFlexible,$11.95,$23.95,National Audubon Society Field Guide to North American Trees Western Region
by James Dashner,Used&nbspTrade Paperback,$11.95,$9.99,Kill Order Maze Runner Prequel 1
"by Marshall Rosenberg, Marshall B Rosenberg, Arun Gandhi",Used&nbspTrade Paperback,$11.95,$19.95,Nonviolent Communication a Language of Life 2nd Edition
"by Haruki Murakami, Philip Gabriel",Used&nbspTrade Paperback,$11.95,$16.00,Sputnik Sweetheart
by Trenton Lee Stewart and Diana Sudyka,Used&nbspTrade Paperback,$6.95,$9.99,The Mysterious Benedict Society and the Prisoners Dilemma
by E Lockhart,Used&nbspTrade Paperback,$6.95,$10.99,We Were Liars
by Scholastic Inc,Used&nbspHardcover,$6.95,$7.99,Minecraft Redstone Handbook
by Christopher Tolkien,Used&nbspTrade Paperback,$6.95,$14.95,Children Of Hurin
by Robert Galbraith,Used&nbspTrade Paperback,$6.95,$9.99,The Cuckoo's Calling: Cormoran Strike 1
by Michael Connelly,Used&nbspMass Market,$6.95,$9.99,Night Fire
by Napoleon Hill,Used&nbspTrade Paperback,$6.95,$10.00,Think & Grow Rich
by John McPhee,Used&nbspHardcover,$6.95,$25.00,Draft No 4 On the Writing Process
by Anton Szandor LaVey,Used&nbspMass Market,$6.95,$9.99,The Satanic Bible
by Ludwig Bemelmans,Used&nbspBoard Book,$6.95,$9.99,Madeline
"by Lemony Snicket, Jon Klassen",Used&nbspHardcover,$6.95,$18.99,Dark
by Kathryn Stockett,Used&nbspTrade Paperback,$6.95,$17.00,Help
"by Carson, Rachel",Used&nbspTrade Paperback,$6.95,$15.99,Silent Spring
by David George Haskell,Used&nbspTrade Paperback,$6.95,$17.00,The Songs of Trees: Stories from Nature's Great Connectors
by Olga Tokarczuk,Used&nbspHardcover,$6.95,$27.00,Drive Your Plow Over the Bones of the Dead
by Phaidon,Used&nbspHardcover,$6.95,$45.00,Silver Spoon
by Alice Schertle and Jill McElmurry,Used&nbspBoard Book,$6.95,$8.99,Little Blue Truck Leads the Way Board Book
by James Dashner,Used&nbspTrade Paperback,$6.95,,Maze Runner 01
by Dana Simpson,Used&nbspTrade Paperback,$6.95,$9.99,Phoebe & Her Unicorn 06 Phoebe & Her Unicorn in the Magic Storm
"by Riggs, Ransom",Used&nbspTrade Paperback,$6.95,$14.99,Hollow City: The Second Novel of Miss Peregrine's Peculiar Children
by Rick Riordan,Used&nbspTrade Paperback,$6.95,$9.99,The Son of Neptune: Heroes of Olympus #2
by Ken Follett,Used&nbspMass Market,$6.95,$10.99,Fall of Giants
by Jenny Lawson,Used&nbspTrade Paperback,$6.95,$17.99,Furiously Happy: A Funny Book about Horrible Things
by Helen Oyeyemi,Used&nbspTrade Paperback,$6.95,$16.00,"Boy, Snow, Bird"
by Jim Butcher,Used&nbspTrade Paperback,$6.95,$9.99,Academ's Fury: Codex Alera 2
by Jenny Lawson,Used&nbspTrade Paperback,$6.95,$16.00,Lets Pretend This Never Happened
by James Dashner,Used&nbspTrade Paperback,$6.95,$9.99,Maze Runner 02 Scorch Trials
by Stuart Gibbs,Used&nbspTrade Paperback,$6.95,$8.99,Spy School 02 Spy Camp
"by Larson, Erik",Used&nbspHardcover,$6.95,$30.00,In the Garden of Beasts Love Terror & an American Family in Hitlers Berlin
by Veronica Roth,Used&nbspHardcover,$6.95,$17.99,Divergent 02 Insurgent
by Pema Chodron,Used&nbspTrade Paperback,$6.95,$14.95,Living Beautifully with Uncertainty & Change
by Kristin Hannah,Used&nbspTrade Paperback,$6.95,$17.99,The Nightingale
by Timothy Egan,Used&nbspHardcover,$6.95,$28.00,A Pilgrimage to Eternity: From Canterbury to Rome in Search of a Faith
by Michael Connelly,Used&nbspMass Market,$6.95,$7.99,The Black Ice: Harry Bosch 2
by Kathi Appelt,Used&nbspTrade Paperback,$6.95,$8.99,The Underneath
by Neal Stephenson,Used&nbspHardcover,$6.95,$37.50,Seveneves
by Bill Bryson,Used&nbspTrade Paperback,$6.95,$16.99,Notes from A Small Island
by Thich Nhat Hanh,Used&nbspTrade Paperback,$6.95,$9.95,How to Eat
"by Jason Reynolds, Brendan Kiely",Used&nbspTrade Paperback,$6.95,$11.99,All American Boys
by David Sedaris,Used&nbspHardcover,$6.95,$28.00,Calypso
by Hannah Viano,Used&nbspHardcover,$6.95,$16.99,S is for Salmon A Pacific Northwest Alphabet
by Patti Smith,Used&nbspHardcover,$6.95,$15.00,Devotion
by Chuck Palahniuk,Used&nbspTrade Paperback,$6.95,$16.95,Damned
by Cassandra Clare,Used&nbspTrade Paperback,$6.95,$12.99,Mortal Instruments 03 City of Glass
by Thich Nhat Hanh,Used&nbspTrade Paperback,$6.95,$16.00,The Heart of the Buddha's Teaching
"by Paul Tobin, Philip Simon, Ron Chan",Used&nbspHardcover,$6.95,$10.99,Plants vs Zombies 01 Lawnmageddon
by Stephen Covey,Used&nbspTrade Paperback,$6.95,$15.00,7 Habits of Highly Effective People Powerful Lessons in Personal Change
by Bill Bryson,Used&nbspTrade Paperback,$6.95,$16.99,Mother Tongue English & How It Got That Way
by Scholastic Inc,Used&nbspHardcover,$6.95,$8.99,Minecraft Redstone Handbook Updated Edition An Official Mojang Book
by Cormac McCarthy,Used&nbspTrade Paperback,$6.95,$16.00,No Country For Old Men
"by Sacks, Oliver",Used&nbspTrade Paperback,$8.95,$16.99,Man Who Mistook His Wife for a Hat & Other Clinical Tales
by Kurt Vonnegut,Used&nbspTrade Paperback,$8.95,$17.00,Cats Cradle
"by Jeffers, Oliver",Used&nbspHardcover,$8.95,$26.99,Once Upon an Alphabet
by Neal Shusterman,Used&nbspHardcover,$8.95,$19.99,Thunderhead
by Chuck Palahniuk,Used&nbspTrade Paperback,$8.95,$15.95,Adjustment Day
by F Scott Fitzgerald,Used&nbspTrade Paperback,$8.95,$11.00,The Great Gatsby
by Terry Pratchett,Used&nbspMass Market,$8.95,$7.99,Truth Discworld 25
by Margaret Atwood,Used&nbspTrade Paperback,$8.95,$16.95,Year of the Flood
by Robert Jordan,Used&nbspMass Market,$8.95,$9.99,Dragon Reborn Wheel of Time 03
by Jillian Tamaki,Used&nbspTrade Paperback,$8.95,$18.99,This One Summer
by Scholastic Inc.,Used&nbspTrade Paperback,$8.95,$15.99,Harry Potter: Coloring Book #1
by Eckhart Tolle,Used&nbspTrade Paperback,$8.95,$14.00,New Earth Awakening to Your Lifes Purpose
by Ezra Jack Keats,Used&nbspTrade Paperback,$8.95,$7.99,Snowy Day
by Siddhartha Mukherjee,Used&nbspTrade Paperback,$8.95,$20.00,Emperor of All Maladies: A Biography of Cancer
"by Isabel Allende, Magda Bogin",Used&nbspMass Market,$8.95,$7.99,House Of The Spirits
by Andrew Solomon,Used&nbspTrade Paperback,$8.95,$22.00,"Far from the Tree: Parents, Children and the Search for Identity"
by Jessica Love,Used&nbspHardcover,$8.95,$16.99,Julián Is a Mermaid
by Dylan Thuras and Rosemary Mosco and Joy Ang,Used&nbspHardcover,$8.95,$19.95,The Atlas Obscura Explorer's Guide for the World's Most Adventurous Kid
by Neal Shusterman,Used&nbspTrade Paperback,$8.95,$10.99,Challenger Deep
by Isa Chandra Moskowitz,Used&nbspHardcover,$8.95,$29.99,Veganomicon
by Sam Kean,Used&nbspHardcover,$8.95,$30.00,The Bastard Brigade: The True Story of the Renegade Scientists and Spies Who Sabotaged the Nazi Atomic Bomb
by David Sheff,Used&nbspTrade Paperback,$8.95,$15.99,Beautiful Boy A Fathers Journey Through His Sons Addiction
by Ursula K Le Guin,Used&nbspTrade Paperback,$8.95,$15.99,Steering the Craft: A Twenty First Century Guide to Sailing the Sea of Story
by Judd Apatow,Used&nbspHardcover,$8.95,$27.00,Sick in the Head Conversations about Life & Comedy
by Pamela Druckerman,Used&nbspTrade Paperback,$8.95,$18.00,Bringing Up Bebe One American Mother Discovers the Wisdom of French Parenting
by China Mieville,Used&nbspTrade Paperback,$8.95,$17.00,The City & The City
by Alex Gino,Used&nbspTrade Paperback,$8.95,$7.99,George
by Lee Child,Used&nbspMass Market,$8.95,$9.99,Without Fail: Jack Reacher 6
by Sarah J Maas,Used&nbspHardcover,$8.95,$19.99,Throne of Glass 07 Kingdom of Ash
by Brandon Mull,Used&nbspTrade Paperback,$8.95,$9.99,Fablehaven 04 Secrets of the Dragon Sanctuary
by Lee Child,Used&nbspMass Market,$8.95,$9.99,Die Trying: Jack Reacher 2
by Jeff Kinney,Used&nbspHardcover,$8.95,$13.95,Rodrick Rules: Diary of a Wimpy Kid 2
by Jim Butcher,Used&nbspMass Market,$8.95,$9.99,Turn Coat: Dresden Files 11
by Aldous Huxley,Used&nbspTrade Paperback,$8.95,$15.99,Brave New World
by Jim Butcher,Used&nbspMass Market,$8.95,$9.99,Proven Guilty: Dresden Files 8
by Rick Riordan,Used&nbspTrade Paperback,$8.95,$9.99,Sword of Summer (Magnus Chase and the Gods of Asgard #1)
by China Miéville,Used&nbspTrade Paperback,$8.95,$16.00,Un Lun Dun
by Jeff Kinney,Used&nbspBook Club Paperback,$8.95,,The Last Straw: Diary Of A Wimpy Kid 3
by Brandon Sanderson,Used&nbspTrade Paperback,$8.95,$19.99,Way of Kings Stormlight Archive 01
by Rainbow Rowell,Used&nbspHardcover,$8.95,$18.99,Eleanor and Park
by Jeff Kinney,Used&nbspHardcover,$8.95,$13.95,Cabin Fever: Diary of a Wimpy Kid 6
by Mo Willems,Used&nbspHardcover,$8.95,$9.99,My Friend Is Sad: An Elephant and Piggie Book
by Kate Atkinson,Used&nbspTrade Paperback,$8.95,$16.99,Transcription
by Lydia Millet,Used&nbspHardcover,$8.95,$25.95,A Children's Bible
by Neal Stephenson,Used&nbspTrade Paperback,$8.95,$17.00,Snow Crash
"by T C Boyle, Heidi Pitlor",Used&nbspTrade Paperback,$8.95,$14.95,Best American Short Stories 2015
by Stephen King,Used&nbspMass Market,$8.95,$9.99,Dark Tower 05 Wolves Of The Calla
by Bill Watterson,Used&nbspTrade Paperback,$8.95,$18.99,Calvin & Hobbes 11 Indispensable Calvin & Hobbes
by Stephenie Meyer,Used&nbspTrade Paperback,$8.95,$16.99,Twilight 03 Eclipse
by Scholastic Inc,Used&nbspHardcover,$8.95,$7.99,Minecraft Essential Handbook
by Brian K Vaughan and Fiona Staples,Used&nbspTrade Paperback,$6.95,$9.99,Saga: Volume 1
by Margaret Atwood,Used&nbspHardcover,$6.95,$26.95,The Heart Goes Last
by Orson Scott Card,Used&nbspMass Market,$6.95,$8.99,Speaker For The Dead: Ender Wiggin Saga 2
by Jon Klassen,Used&nbspHardcover,$6.95,$17.99,I Want My Hat Back
"by Mac Barnett, Jon Klassen",Used&nbspHardcover,$6.95,$15.99,Square
by Richard Scarry,Used&nbspHardcover,$6.95,$16.99,Richard Scarrys Cars & Trucks & Things That Go
by Sigrid Nunez,Used&nbspTrade Paperback,$6.95,$16.00,Friend A Novel
by Kiera Cass,Used&nbspTrade Paperback,$6.95,$12.99,Selection 03 One
"by Rick Hanson, Richard Mendius",Used&nbspTrade Paperback,$6.95,$18.95,Buddhas Brain The Practical Neuroscience of Happiness
by Aaron Becker,Used&nbspHardcover,$6.95,$16.99,Journey
by Raina Telgemeier,Used&nbspTrade Paperback,$6.95,$10.99,Baby-Sitters Club: The Truth About Stacey
by V E Schwab,Used&nbspHardcover,$6.95,$19.99,Near Witch
by Naomi Klein,Used&nbspTrade Paperback,$6.95,$16.95,No Is Not Enough: Resisting Trumps Shock Politics and Winning the World We Need
by Louise Penny,Used&nbspTrade Paperback,$6.95,$17.99,A Fatal Grace: Chief Inspector Gamache 2
"by Jeffers, Oliver",Used&nbspHardcover,$6.95,$18.99,This Moose Belongs to Me
by Glenn Dakin,Used&nbspHardcover,$6.95,$14.95,Mr. Spock's Little Book of Mindfulness: How to Survive in an Illogical World
"by Colin Meloy, Carson Ellis",Used&nbspHardcover,$6.95,,Wildwood Chronicles 03 Wildwood Imperium
by Jeff VanderMeer,Used&nbspHardcover,$6.95,$27.00,Dead Astronauts
by Mo Willems,Used&nbspHardcover,$6.95,$9.99,I Really Like Slop!: An Elephant and Piggie Book
by Jeff Kinney,Used&nbspHardcover,$6.95,$13.95,Hard Luck (Diary of a Wimpy Kid #8)
"by Meyer, Marissa",Used&nbspTrade Paperback,$6.95,$9.99,Lunar Chronicles 01 Cinder
by Jim Butcher,Used&nbspMass Market,$6.95,$9.99,Fool Moon: Dresden Files 2
by Pema Chödrön,Used&nbspHardcover,$6.95,$20.99,How to Meditate Practical Guide to Making Friends with Your Mind
by Sui Ishida,Used&nbspTrade Paperback,$6.95,$12.99,"Tokyo Ghoul, Volume 1"
by George Saunders,Used&nbspHardcover,$6.95,,Lincoln in the Bardo
by Cassandra Clare,Used&nbspTrade Paperback,$6.95,$12.99,Infernal Devices 01 Clockwork Angel
by Daniel Wallace,Used&nbspHardcover,$6.95,$21.95,Book of Sith: Secrets from the Dark Side: Star Wars
by Stephenie Meyer,Used&nbspTrade Paperback,$6.95,$16.99,New Moon: Twilight 2
by Janet Evanovich,Used&nbspMass Market,$6.95,$8.99,One for the Money: Stephanie Plum 1
by Catherine Steadman,Used&nbspTrade Paperback,$6.95,$17.00,Something in the Water
by Richard Scarry,Used&nbspHardcover,$6.95,$16.99,Richard Scarrys Best Word Book Ever
by Brian Doyle,Used&nbspTrade Paperback,$6.95,$18.00,Martin Marten
by Madeleine L'Engle,Used&nbspTrade Paperback,$6.95,$15.99,A Wrinkle in Time: The Graphic Novel
by Mark Haddon,Used&nbspTrade Paperback,$6.95,$15.00,The Curious Incident of the Dog in the Night-Time
by Daniel H Pink,Used&nbspTrade Paperback,$6.95,$17.00,Drive The Surprising Truth about What Motivates Us
by Dan Simmons,Used&nbspMass Market,$6.95,$8.99,The Fall Of Hyperion: Hyperion Cantos 2
by Emma Cline,Used&nbspTrade Paperback,$6.95,$17.00,The Girls
by Lee Child,Used&nbspMass Market,$6.95,$7.99,Bad Luck and Trouble: Jack Reacher 11
by Rick Riordan,Used&nbspHardcover,$6.95,$19.99,The Dark Prophecy: The Trials of Apollo #2
by Brandon Sanderson,Used&nbspMass Market,$6.95,$9.99,Well of Ascension Mistborn 02
by Lee Child,Used&nbspMass Market,$6.95,$9.99,Echo Burning: Jack Reacher 5
by Louise Penny,Used&nbspTrade Paperback,$6.95,$17.99,How the Light Gets In: Chief Inspector Gamache 9
by Brian K Vaughan and Fiona Staples,Used&nbspTrade Paperback,$6.95,$14.99,Saga: Volume 2
by Rebecca Solnit,Used&nbspTrade Paperback,$6.95,$15.95,Call Them by Their True Names: American Crises
by Jim Butcher,Used&nbspMass Market,$6.95,$9.99,Grave Peril: Dresden Files 3
by Veronica Roth,Used&nbspHardcover,$6.95,$19.99,Divergent 03 Allegiant
"by Mark Turner, Ellen Kuhlmann",Used&nbspTrade Paperback,$6.95,$27.95,Trees & Shrubs of the Pacific Northwest Timber Press Field Guide
by Suzanne Collins,Used&nbspTrade Paperback,$6.95,$12.99,Hunger Games 02 Catching Fire
by Chris Colfer,Used&nbspTrade Paperback,$6.95,$9.99,Land of Stories 03 A Grimm Warning
by Suzanne Collins,Used&nbspTrade Paperback,$6.95,,Hunger Games UK
by Raina Telgemeier,Used&nbspTrade Paperback,$7.50,$10.99,The Baby-Sitters Club: Claudia and Mean Janine
by Louise Penny,Used&nbspMass Market,$7.50,$9.99,Glass Houses: Chief Inspector Gamache 13
by Lee Child,Used&nbspMass Market,$7.50,$9.99,Midnight Line: Jack Reacher 22
by Maja Säfström,Used&nbspHardcover,$7.50,$14.99,Amazing Facts About Baby Animals: An Illustrated Compendium
by Anthony Horowitz,Used&nbspTrade Paperback,$7.50,,Sentence is Death
by Mo Willems,Used&nbspHardcover,$7.50,$9.99,I Love My New Toy!: An Elephant and Piggie Book
by Sarah J Maas,Used&nbspHardcover,$7.50,$19.99,Empire of Storms: Throne of Glass 5
by Harlan Coben,Used&nbspMass Market,$7.50,$7.50,Tell No One
by George Saunders,Used&nbspTrade Paperback,$7.50,$17.00,Tenth of December: Stories
by Suzanne Young,Used&nbspTrade Paperback,$7.50,$12.99,The Program
by Dr. Seuss,Used&nbspHardcover,$7.50,$9.99,Hop on Pop
by Jennifer McCartney,Used&nbspHardcover,$7.50,$9.99,The Little Book of Sloth Philosophy
by Barbara Cooney,Used&nbspTrade Paperback,$7.50,$8.99,Miss Rumphius
by Rick Riordan,Used&nbspHardcover,$7.50,$19.99,Heroes of Olympus 03 The Mark of Athena
by Annie Barrows,Used&nbspTrade Paperback,$7.50,$5.99,Ivy & Bean 04 Take Care of the Babysitter
by Ransom Riggs,Used&nbspTrade Paperback,$7.50,$14.99,Miss Peregrine 03 Library of Souls Third Novel of Miss Peregrines Peculiar Children
by James Dashner,Used&nbspTrade Paperback,$7.50,$9.99,Maze Runner 03 Death Cure
by Jim Butcher,Used&nbspMass Market,$7.50,$9.99,Furies Of Calderon: Codex Alera 1
by Rick Riordan,Used&nbspHardcover,$7.50,$12.99,The Demigod Files: Percy Jackson and the Olympians
by Hilary Mantel,Used&nbspTrade Paperback,$7.50,$18.00,Wolf Hall
by Mo Willems,Used&nbspHardcover,$7.50,$9.99,Happy Pig Day!: An Elephant and Piggie Book
by Chuck Palahniuk,Used&nbspHardcover,$7.50,$26.95,Adjustment Day
"by Bryson, Bill",Used&nbspTrade Paperback,$7.50,$17.00,At Home: A Short History of Private Life
by Toni Morrison,Used&nbspTrade Paperback,$7.50,$14.00,Bluest Eye
by Stephenie Meyer,Used&nbspHardcover,$7.50,$22.99,Twilight 03 Eclipse
by Deb Perelman,Used&nbspHardcover,$7.50,$35.00,Smitten Kitchen Cookbook
"by Erin Hunter, Dave Stevenson",Used&nbspTrade Paperback,$7.50,$7.99,Warriors 02 Fire & Ice
by J K Rowling,Used&nbspHardcover,$7.50,$39.99,Harry Potter and the Sorcerers Stone: Illustrated Edition
by Lindy West,Used&nbspHardcover,$7.50,$26.00,Shrill: Notes from a Loud Woman
by Kazu Kibuishi,Used&nbspTrade Paperback,$7.50,$12.99,Amulet 02 Stonekeepers Curse
by Lee Child,Used&nbspMass Market,$7.50,$9.99,Make Me: Jack Reacher 20
by Ransom Riggs,Used&nbspHardcover,$7.50,$22.99,Miss Peregrine 04 Map of Days Fourth Novel of Miss Peregrines Peculiar Children
"by Stephenson, Neal",Used&nbspMass Market,$7.50,$9.99,Anathem
by Erik Larson,Used&nbspTrade Paperback,$7.50,$18.00,Thunderstruck
by Kristin Hannah,Used&nbspHardcover,$7.50,$28.99,The Great Alone
by Jared Diamond,Used&nbspTrade Paperback,$7.50,$17.00,Collapse How Societies Choose to Fail or Succeed
"by Mojang Ab, Official Minecraft Team",Used&nbspHardcover,$7.50,$11.99,Minecraft Guide to Potions & Enchanting
by Lindy West,Used&nbspHardcover,$7.50,$27.00,The Witches Are Coming
by Suzanne Collins,Used&nbspTrade Paperback,$7.50,,Hunger Games 03 Mockingjay UK edition
by Suzanne Collins,Used&nbspTrade Paperback,$7.50,,Hunger Games UK
by Jen Sincero,Used&nbspHardcover,$7.50,$20.00,You Are a Badass Every Day
by Ameet Studio,Used&nbspTrade Paperback,$7.50,$8.99,Back to Hogwarts (LEGO Harry Potter: Activity Book with Minifigure)
"by Erin Hunter, Dave Stevenson",Used&nbspTrade Paperback,$7.50,$7.99,Warriors 01 Into the Wild
by J R R Tolkien,Used&nbspTrade Paperback,$7.50,$10.99,Hobbit Peter Sis Cover
by Anne Lamott,Used&nbspTrade Paperback,$7.50,$16.00,Bird by Bird: Some Instructions on Writing and Life
by Philip Pullman,Used&nbspTrade Paperback,$7.50,$14.99,La Belle Sauvage: Book of Dust 1
"by Thich Nhat Hanh, Thich Nhat Hanh",Used&nbspTrade Paperback,$7.50,$16.00,Anger Wisdom for Cooling the Flames
by Toni Morrison,Used&nbspTrade Paperback,$7.50,,Beloved
"by Drew Daywalt, Adam Rex",Used&nbspHardcover,$7.50,$18.99,Legend of Rock Paper Scissors
"by McCarthy, Cormac",Used&nbspTrade Paperback,$7.50,$16.95,Blood Meridian
by J. K. Rowling and Dinah Bucholz,Used&nbspHardcover,$13.95,$19.95,Unofficial Harry Potter Cookbook
by Teruo Kurosaki,Used&nbspTrade Paperback,$13.95,$24.95,True Portland: The Unofficial Guide for Creative People
by Stephenie Meyer,Used&nbspHardcover,$13.95,$22.99,Twilight 02 New Moon
by Emma Farrarons,Used&nbspTrade Paperback,$13.95,$9.95,Mindfulness Coloring Book Anti Stress Art Therapy for Busy People
by Rebecca Solnit,Used&nbspTrade Paperback,$13.95,$17.00,The Faraway Nearby
by Mo Willems,Used&nbspHardcover,$13.95,$9.99,Can I Play Too?: An Elephant and Piggie Book
by Ann Patchett,Used&nbspTrade Paperback,$13.95,$15.99,Truth & Beauty: A Friendship
by J K Rowling,Used&nbspHardcover,$13.95,$29.99,Harry Potter and the Goblet of Fire (#4)
by Christopher Moore,Used&nbspTrade Paperback,$13.95,$14.99,Lust Lizard of Melancholy Cove
by Christopher Moore,Used&nbspTrade Paperback,$13.95,$13.99,Fluke Or I Know Why the Winged Whale Sings
by Anthony Horowitz,Used&nbspTrade Paperback,$13.95,$16.99,Word Is Murder
by Timothy Egan,Used&nbspTrade Paperback,$13.95,$16.99,Short Nights of the Shadow Catcher The Epic Life & Immortal Photographs of Edward Curtis
"by Annie Barrows, Sophie Blackall",Used&nbspTrade Paperback,$13.95,$5.99,Ivy & Bean 03 Break the Fossil Record
by Sarah J Maas,Used&nbspTrade Paperback,$13.95,$11.99,Throne of Glass 05 Empire of Storms
by Terry Pratchett,Used&nbspMass Market,$13.95,$8.99,A Hat Full of Sky: Discworld: Tiffany Aching 2
by Kristin Hannah,Used&nbspHardcover,$13.95,$27.99,The Nightingale
by Christopher Moore,Used&nbspTrade Paperback,$13.95,$16.99,Dirty Job
by Terry Fan and Eric Fan,Used&nbspHardcover,$13.95,$17.99,Night Gardener
"by Adams, Douglas",Used&nbspTrade Paperback,$13.95,$20.00,The Ultimate Hitchhiker's Guide to the Galaxy
by Margaret Atwood,Used&nbspTrade Paperback,$13.95,$16.95,Oryx and Crake (Maddaddam Trilogy #1)
"by Thich Nhat Hanh, Thich Nhat Hanh",Used&nbspTrade Paperback,$13.95,$16.00,Peace is Every Step The Path of Mindfulness in Everyday Life
by Tom Robbins,Used&nbspTrade Paperback,$13.95,$17.00,Jitterbug Perfume
by Oliver Jeffers,Used&nbspHardcover,$13.95,$18.99,Stuck
by Eric Jay Dolin,Used&nbspTrade Paperback,$13.95,$18.95,"Black Flags, Blue Waters: The Epic History of America's Most Notorious Pirates"
"by Lauren Reeves, Jude Buffum",Used&nbspHardcover,$13.95,$14.99,...And Then You Die of Dysentery: Lessons in Adulting From the Oregon Trail
"by Fred Armisen, Carrie Brownstein",Used&nbspTrade Paperback,$13.95,$16.99,Portlandia A Guide for Visitors
by John Steinbeck,Used&nbspTrade Paperback,$13.95,$18.00,East of Eden
by Mojang Ab,Used&nbspHardcover,$13.95,$11.99,Minecraft Guide to Exploration
by Cornelia Funke,Used&nbspTrade Paperback,$13.95,$6.99,Thief Lord
by Julia Cameron,Used&nbspTrade Paperback,$13.95,$16.99,The Artist's Way
by Donald Miller,Used&nbspTrade Paperback,$13.95,$16.99,Blue Like Jazz Nonreligious Thoughts on Christian Spirituality
by Kiera Cass,Used&nbspTrade Paperback,$13.95,$12.99,Selection 02 Elite
by Richard Rohr,Used&nbspHardcover,$13.95,$19.95,Falling Upward A Spirituality for the Two Halves of Life
by Tui T Sutherland,Used&nbspHardcover,$13.95,$16.99,Darkness of Dragons: Wings of Fire #10
by Rick Riordan,Used&nbspHardcover,$13.95,$19.99,Heroes of Olympus 02 The Son of Neptune
by Rick Riordan,Used&nbspTrade Paperback,$13.95,$9.99,The Hidden Oracle (The Trials of Apollo #1)
by J K Rowling,Used&nbspHardcover,$13.95,$39.99,"Harry Potter and the Prisoner of Azkaban: Illustrated Edition, Volume 3"
by Neal Stephenson,Used&nbspTrade Paperback,$13.95,$17.00,"The Diamond Age: Or, a Young Lady's Illustrated Primer"
by Jeff Kinney,Used&nbspHardcover,$13.95,$13.95,Double Down: Diary of a Wimpy Kid 11
by Ann Patchett,Used&nbspTrade Paperback,$13.95,$16.99,The Magicians Assistant
by Roxane Gay,Used&nbspHardcover,$13.95,$25.00,Difficult Women
"by Colfer, Chris",Used&nbspTrade Paperback,$13.95,$9.99,Land of Stories 02 The Enchantress Returns
by Elena Ferrante,Used&nbspTrade Paperback,$13.95,$18.00,The Story of the Lost Child
by Stephenie Meyer,Used&nbspHardcover,$13.95,$22.99,Breaking Dawn: Twilight 4
by Phil Stanford,Used&nbspTrade Paperback,$13.95,$16.95,Portland Confidential Sex Crime & Corruption in the Rose City
by James S A Corey,Used&nbspTrade Paperback,$13.95,$17.99,Nemesis Games: Expanse 5
by Jessica Knoll,Used&nbspTrade Paperback,$13.95,$17.99,Luckiest Girl Alive
by Mark Kurlansky,Used&nbspTrade Paperback,$13.95,$19.00,Salt: A World History
by Brandon Sanderson,Used&nbspTrade Paperback,$13.95,$13.99,Mistborn Book 1
by Jim Butcher,Used&nbspMass Market,$13.95,$9.99,Storm Front: Dresden Files 1
by Rick Riordan,Used&nbspHardcover,$13.95,$19.99,Trials of Apollo 03 The Burning Maze
by Rick Riordan,Used&nbspTrade Paperback,$13.95,$9.99,Heroes of Olympus 04 House of Hades
by Rick Riordan,Used&nbspHardcover,$13.95,$17.99,Percy Jackson 03 Titans Curse
by Jeffrey Eugenides,Used&nbspTrade Paperback,$13.95,,Middlesex
by Sarah J Maas,Used&nbspTrade Paperback,$13.95,$11.99,Throne of Glass 04 Queen of Shadows
by Roxane Gay,Used&nbspHardcover,$13.95,$25.99,Hunger: A Memoir of My Body
by Rick Riordan,Used&nbspTrade Paperback,$13.95,$7.99,Percy Jackson 02 Sea of Monsters
by Suzanne Collins,Used&nbspHardcover,$13.95,$18.99,The Hunger Games: Hunger Games 1
by J R R Tolkien,Used&nbspMass Market,$13.95,$8.99,Hobbit or There & Back Again Revised Edition
"by Scholastic, Inc",Used&nbspTrade Paperback,$13.95,$15.99,Harry Potter Magical Creatures Coloring Book
by Ann Patchett,Used&nbspTrade Paperback,$13.95,$16.99,This Is the Story of a Happy Marriage
by Steven Johnson,Used&nbspTrade Paperback,$13.95,$17.00,Ghost Map
by Tui T Sutherland,Used&nbspTrade Paperback,$13.95,$7.99,Wings of Fire 08 Escaping Peril
by N. K. Jemisin,Used&nbspTrade Paperback,$13.95,,How Long 'til Black Future Month?
by Howard Zinn,Used&nbspTrade Paperback,$13.95,$18.00,Peoples History Of The United States 1492 Present Revised & Updated Edition
by Steven Pressfield,Used&nbspTrade Paperback,$13.95,$12.00,War of Art Break Through the Blocks & Win Your Inner Creative Battles
"by Willems, Mo",Used&nbspHardcover,$13.95,$9.99,Let's Go for a Drive!: An Elephant and Piggie Book
by Tui T Sutherland,Used&nbspTrade Paperback,$13.95,$7.99,Wings of Fire 04 The Dark Secret
by Mary Pope Osborne,Used&nbspTrade Paperback,$13.95,$5.99,The Knight at Dawn
by Mo Willems,Used&nbspHardcover,$13.95,$9.99,I Broke My Trunk: An Elephant and Piggie Book
by Jeff Kinney,Used&nbspHardcover,$13.95,$13.95,Old School: Diary of a Wimpy Kid Book 10
by Tom Robbins,Used&nbspTrade Paperback,$13.95,$17.00,Another Roadside Attraction
by Rick Riordan,Used&nbspHardcover,$13.95,$19.99,Heroes of Olympus 05 The Blood of Olympus
by Tui T Sutherland,Used&nbspTrade Paperback,$13.95,$7.99,Wings of Fire 05 The Brightest Night
by Howard Zinn,Used&nbspTrade Paperback,$13.95,$18.00,Peoples History of the United States 1492 Present
by J R R Tolkien,Used&nbspMass Market,$13.95,$8.99,The Fellowship Of The Ring: The Lord of the Rings 1
by Aaron Reynolds,Used&nbspHardcover,$13.95,$16.99,Effin Birds A Field Guide to Identification
by Tui T Sutherland,Used&nbspTrade Paperback,$13.95,$7.99,Wings of Fire 02 The Lost Heir
by Tui T Sutherland,Used&nbspTrade Paperback,$13.95,$7.99,Wings of Fire 03 The Hidden Kingdom
by Tui T Sutherland,Used&nbspTrade Paperback,$13.95,$7.99,Wings of Fire 07 Winter Turning
by Terry Pratchett,Used&nbspMass Market,$13.95,$6.50,The Last Continent: Discworld 22
"by Shawn Granton, Nate Beaty",Used&nbspTrade Paperback,$13.95,$6.95,Zinesters Guide to Portland 5th Edition
by John Boyne,Used&nbspTrade Paperback,$13.95,$9.99,The Boy in the Striped Pajamas
by Mo Willems,Used&nbspHardcover,$13.95,$16.99,Dont Let the Pigeon Stay Up Late
by Lee Child,Used&nbspMass Market,$13.95,$9.99,Past Tense: Jack Reacher 23
"by Haruki Murakami, Seiji Ozawa",Used&nbspHardcover,$13.95,$27.95,Absolutely on Music Conversations with Seiji Ozawa
by Lemony Snicket,Used&nbspHardcover,$13.95,$13.99,Series Of Unfortunate Events 13 The End
by Tui T Sutherland,Used&nbspTrade Paperback,$13.95,$7.99,Wings of Fire 06 Moon Rising
by Leigh Bardugo,Used&nbspHardcover,$13.95,$27.99,Ninth House
by Rebecca Solnit,Used&nbspTrade Paperback,$13.95,$14.95,The Mother Of All Questions
by Jason Reynolds and Kadir Nelson,Used&nbspTrade Paperback,$13.95,$9.99,Miles Morales: Spider-Man
by Mo Willems,Used&nbspHardcover,$13.95,$16.99,Dont Let the Pigeon Drive the Bus!
by Rick Riordan,Used&nbspTrade Paperback,$13.95,$9.99,Trials of Apollo 03 Burning Maze
by Mo Willems,Used&nbspHardcover,$13.95,$16.99,The Pigeon Needs a Bath!
"by Thich Nhat Hanh, Thich Nhat Hanh",Used&nbspTrade Paperback,$13.95,$15.99,Fear Essential Wisdom for Getting Through the Storm
by Joan Didion,Used&nbspHardcover,$13.95,$26.95,Year Of Magical Thinking
by Margaret Atwood,Used&nbspTrade Paperback,$13.95,$16.95,Blind Assassin
by Christopher Moore,Used&nbspTrade Paperback,$13.95,$14.99,Practical Demonkeeping
by Lemony Snicket,Used&nbspHardcover,$13.95,$13.99,Series of Unfortunate Events 12 Penultimate Peril
by Ross Gay,Used&nbspTrade Paperback,$13.95,$17.00,Catalog of Unabashed Gratitude
by Ted Chiang,Used&nbspHardcover,$17.95,$25.95,Exhalation: Stories
by Paul Beatty,Used&nbspTrade Paperback,$17.95,$16.00,The Sellout
by Brandon Stanton,Used&nbspHardcover,$17.95,$35.00,Humans
by Rainbow Rowell,Used&nbspTrade Paperback,$17.95,$10.99,Carry On
by Kristin Hannah,Used&nbspTrade Paperback,$17.95,$17.99,The Great Alone
by Alex Michaelides,Used&nbspHardcover,$17.95,$26.99,Silent Patient
by Ursula K Le Guin,Used&nbspHardcover,$17.95,$22.00,No Time to Spare: Thinking about What Matters
by Roshani Chokshi,Used&nbspTrade Paperback,$17.95,$7.99,Aru Shah and the End of Time (Pandava #1)
by Kazuo Ishiguro,Used&nbspTrade Paperback,$17.95,$16.00,Never Let Me Go
by Dr. Seuss,Used&nbspHardcover,$17.95,$9.99,Green Eggs and Ham
by Dr. Seuss,Used&nbspHardcover,$17.95,$16.99,The Sneetches and Other Stories
by Dr. Seuss,Used&nbspHardcover,$17.95,$9.99,The Cat in the Hat
by Mo Willems,Used&nbspHardcover,$17.95,$16.99,The Pigeon Finds a Hot Dog!
by Dr. Seuss,Used&nbspHardcover,$17.95,$9.99,Fox in Socks
by Mo Willems,Used&nbspHardcover,$17.95,$9.99,There Is A Bird On Your Head: An Elephant and Piggie Book
by Kristin Hannah,Used&nbspTrade Paperback,$17.95,$17.99,Winter Garden
by Rick Riordan,Used&nbspHardcover,$17.95,$19.99,The Tyrant's Tomb (Trials of Apollo #4)
by Diana Gabaldon,Used&nbspMass Market,$17.95,$9.99,Drums Of Autumn Outlander 04
by Sarah J Maas,Used&nbspTrade Paperback,$17.95,$11.99,The Assassin's Blade
by Jeff Kinney,Used&nbspBook Club Paperback,$17.95,,Rodrick Rules: Diary of a Wimpy Kid 2
by Diana Gabaldon,Used&nbspMass Market,$17.95,$9.99,Dragonfly In Amber Outlander 02
"by Ann M Martin, Gale Galligan",Used&nbspTrade Paperback,$17.95,$10.99,Dawn and the Impossible Three: The Baby-Sitters Club Graphic Novel
by Rick Riordan,Used&nbspTrade Paperback,$17.95,$19.99,Percy Jackson & The Olympians Boxed Set 3 Volumes
by Mo Willems,Used&nbspHardcover,$17.95,$16.99,An Elephant and Piggie Biggie
by Mo Willems,Used&nbspHardcover,$17.95,$9.99,I Am Invited to A Party!: An Elephant and Piggie Book
by Dr. Seuss,Used&nbspHardcover,$17.95,$18.99,"Oh, the Places You'll Go!"
by Raina Telgemeier,Used&nbspHardcover,$17.95,$12.99,Share Your Smile Rainas Guide to Telling Your Own Story
by Shannon Messenger,Used&nbspTrade Paperback,$17.95,$9.99,Keeper of the Lost Cities 02 Exile
by Tana French,Used&nbspTrade Paperback,$17.95,$18.00,Broken Harbor
by Rick Riordan,Used&nbspHardcover,$17.95,$17.99,Percy Jackson 04 Battle of the Labyrinth
by Mo Willems,Used&nbspHardcover,$17.95,$9.99,Are You Ready to Play Outside?: An Elephant and Piggie Book
by Sarah J Maas,Used&nbspTrade Paperback,$17.95,$11.99,Throne of Glass 02 Crown of Midnight
by Diana Gabaldon,Used&nbspMass Market,$17.95,$9.99,Voyager Outlander 03
by Dr. Seuss,Used&nbspHardcover,$17.95,$16.99,The Lorax
by Sarah J Maas,Used&nbspTrade Paperback,$17.95,$11.99,Throne of Glass 03 Heir of Fire
by Elena Ferrante,Used&nbspTrade Paperback,$17.95,$18.00,The Story of a New Name
by Robert Galbraith,Used&nbspTrade Paperback,$17.95,$18.99,Lethal White (Cormoran Strike #4)
by Rick Riordan,Used&nbspHardcover,$17.95,$19.99,"Heroes of Olympus, The, Book One the Lost Hero (Heroes of Olympus, The, Book One)"
by Elena Ferrante,Used&nbspTrade Paperback,$17.95,$18.00,Those Who Leave and Those Who Stay
by Mo Willems,Used&nbspHardcover,$17.95,$9.99,A Big Guy Took My Ball!: An Elephant and Piggie Book
by Jeff Kinney,Used&nbspHardcover,$17.95,$13.95,Dog Days (Diary of a Wimpy Kid #4)
by Tana French,Used&nbspTrade Paperback,$17.95,$17.00,Faithful Place
by Tana French,Used&nbspTrade Paperback,$17.95,$17.00,The Trespasser
by Chuck Wendig,Used&nbspHardcover,$17.95,$28.99,Wanderers: A Novel
by Rick Riordan,Used&nbspHardcover,$17.95,$17.99,Kane Chronicles 01 Red Pyramid
"by Stevenson, Noelle and Watters, Shannon and Allen, Brooke A.",Used&nbspTrade Paperback,$17.95,$14.99,Lumberjanes Vol. 1: Beware the Kitten Holy
by Roxane Gay,Used&nbspTrade Paperback,$17.95,$16.00,Difficult Women
by J K Rowling,Used&nbspTrade Paperback,$17.95,$12.99,Harry Potter and the Sorcerer's Stone: Harry Potter 1
by Rick Riordan,Used&nbspHardcover,$17.95,$19.99,Heroes of Olympus 04 House of Hades
by Joan Didion,Used&nbspTrade Paperback,$17.95,$16.00,Play It As It Lays
by Ruth Ozeki,Used&nbspTrade Paperback,$11.50,$18.00,A Tale for the Time Being
by Celeste Ng,Used&nbspTrade Paperback,$11.50,$17.00,Everything I Never Told You
by Ottessa Moshfegh,Used&nbspTrade Paperback,$11.50,$16.00,Eileen
by Paul Hawken,Used&nbspTrade Paperback,$11.50,$23.00,Drawdown: The Most Comprehensive Plan Ever Proposed to Reverse Global Warming
by Kimberly Brubaker Bradley,Used&nbspTrade Paperback,$11.50,$8.99,The War That Saved My Life
by Christopher McDougall,Used&nbspTrade Paperback,$11.50,$16.95,Born to Run a Hidden Tribe Superathletes & the Greatest Race the World Has Never Seen
by Erik Larson,Used&nbspTrade Paperback,$11.50,$18.00,Dead Wake: The Last Crossing of the Lusitania
by Stieg Larsson,Used&nbspMass Market,$11.50,$7.99,Girl with the Dragon Tattoo
by Mindy Kaling,Used&nbspTrade Paperback,$11.50,$17.00,Is Everyone Hanging Out Without Me? (And Other Concerns)
by Chris Guillebeau,Used&nbspHardcover,$11.50,$27.00,The $100 Startup: Reinvent the Way You Make a Living Do What You Love & Create a New Future
by Stephenie Meyer,Used&nbspTrade Paperback,$11.50,$16.99,Twilight: Twilight 1
by Donna Tartt,Used&nbspMass Market,$11.50,$10.99,The Goldfinch
by Donna Tartt,Used&nbspHardcover,$11.50,$34.00,The Goldfinch
by David Foster Wallace,Used&nbspTrade Paperback,$11.50,$22.99,Infinite Jest
by Maya Angelou,Used&nbspMass Market,$11.50,$7.99,I Know Why the Caged Bird Sings
by E L James,Used&nbspTrade Paperback,$11.50,$15.95,Fifty Shades of Grey
by Kevin Kwan,Used&nbspTrade Paperback,$11.50,$16.00,Crazy Rich Asians
by Andrea Wulf,Used&nbspTrade Paperback,$11.50,$17.95,The Invention of Nature: Alexander Von Humboldt's New World
by Jordan Peterson,Used&nbspHardcover,$11.50,$25.95,12 Rules for Life An Antidote to Chaos
by David Mitchell,Used&nbspTrade Paperback,$11.50,$18.00,Cloud Atlas
by Abraham Verghese,Used&nbspTrade Paperback,$11.50,$17.95,Cutting for Stone
by John Grisham,Used&nbspHardcover,$11.50,$29.95,Time for Mercy
by Richard Powers,Used&nbspHardcover,$11.50,$27.95,The Overstory
by Drew Daywalt and Oliver Jeffers,Used&nbspHardcover,$11.50,$17.99,The Day the Crayons Quit
"by Collins, Suzanne",Used&nbspHardcover,$11.50,$18.99,Mockingjay
by Diana Gabaldon,Used&nbspMass Market,$11.50,$9.99,Outlander
by Sally Rooney,Used&nbspTrade Paperback,$11.50,$17.00,Conversations with Friends A Novel
by Lev Grossman,Used&nbspTrade Paperback,$11.50,$17.00,Magicians Book 1
"by Dawn Mcmillan, Ross Kinnaird",Used&nbspTrade Paperback,$11.50,$8.99,I Need a New Butt!
by Haruki Murakami,Used&nbspHardcover,$11.50,$30.00,Killing Commendatore
by Kamala Harris,Used&nbspTrade Paperback,$11.50,$18.00,The Truths We Hold: An American Journey
by Michael Ondaatje,Used&nbspTrade Paperback,$11.50,$16.95,Warlight
by Megha Majumdar,Used&nbspHardcover,$11.50,$25.95,A Burning
by Kazu Kibuishi,Used&nbspTrade Paperback,$11.50,$12.99,Supernova (Amulet #8)
by Philip K Dick,Used&nbspTrade Paperback,$11.50,$15.99,The Man in the High Castle
"by Alice Schertle, Jill Mcelmurry",Used&nbspBoard Book,$11.50,$6.99,Little Blue Truck Leads the Way
by Nina George,Used&nbspTrade Paperback,$11.50,$16.00,The Little Paris Bookshop
by George R R Martin,Used&nbspMass Market,$11.50,$9.99,A Dance with Dragons: Song of Ice and Fire 5
by George R R Martin,Used&nbspMass Market,$11.50,$9.99,A Feast for Crows: Song of Ice and Fire 4
by Dale Carnegie,Used&nbspTrade Paperback,$11.50,$16.99,How to Win Friends & Influence People
by Mohsin Hamid,Used&nbspTrade Paperback,$11.50,$17.00,Exit West
by Rebecca Makkai,Used&nbspTrade Paperback,$11.50,$16.00,The Great Believers
by Nick Pyenson,Used&nbspTrade Paperback,$11.50,$17.00,"Spying on Whales: The Past, Present, and Future of Earth's Most Awesome Creatures"
by Patrick Rothfuss,Used&nbspTrade Paperback,$11.50,$10.99,The Slow Regard of Silent Things (Kingkiller Chronicles Novella)
by Shannon Hale and Dean Hale and LeUyen Pham,Used&nbspTrade Paperback,$11.50,$6.99,The Princess in Black: The Princess in Black 1
by Cixin Liu,Used&nbspTrade Paperback,$11.50,$17.99,The Three-Body Problem: Remembrance of Earth's Past 1
by Cixin Liu,Used&nbspTrade Paperback,$11.50,$17.99,The Dark Forest: Remembrance of Earth's Past 2
by Sayaka Murata and Ginny Tapley Takemori,Used&nbspTrade Paperback,$11.50,$15.00,Convenience Store Woman
by Elena Favilli and Francesca Cavallo,Used&nbspHardcover,$11.50,$35.00,Good Night Stories for Rebel Girls
"by Han Kang, Deborah Smith",Used&nbspTrade Paperback,$11.50,$16.00,The Vegetarian
by Howard Zinn,Used&nbspTrade Paperback,$13.50,$19.99,A People's History of the United States: 1492-Present
by William Ritter,Used&nbspTrade Paperback,$13.50,$7.95,Changeling ( Oddmire #1 )
by Elizabeth Gilbert,Used&nbspTrade Paperback,$13.50,$17.00,The Signature of All Things
by Neil Gaiman,Used&nbspTrade Paperback,$13.50,$15.99,The Ocean at the End of the Lane
by Judd Winick,Used&nbspHardcover,$13.50,$13.99,Hilo Book 7 Gina The Girl Who Broke the World
by Phil Knight,Used&nbspTrade Paperback,$13.50,$20.00,Shoe Dog: A Memoir by the Creator of NIKE
by Lin-Manuel Miranda and Jonny Sun,Used&nbspHardcover,$13.50,$22.00,"Gmorning, Gnight!: Little Pep Talks for Me and You"
by Nicholas D Kristof and Sheryl WuDunn,Used&nbspHardcover,$13.50,$27.95,Tightrope: Americans Reaching for Hope
"by Michael Bennett, Sarah Bennet",Used&nbspHardcover,$13.50,$23.00,F*ck Feelings: One Shrink's Practical Advice For Managing All Life's Impossible Problems
"by Bill Jr Martin, John Archambault, Lois Ehlert",Used&nbspBoard Book,$13.50,$7.99,Chicka Chicka Boom Boom
by Brandon Sanderson,Used&nbspMass Market,$13.50,$8.99,Mistborn Final Empire Mistborn 01
by Peter Brown,Used&nbspHardcover,$13.50,$16.99,The Wild Robot: #1
by Kazu Kibuishi,Used&nbspTrade Paperback,$13.50,$12.99,Firelight (Amulet #7)
"by Karen Kilgariff, Georgia Hardstark",Used&nbspHardcover,$13.50,$24.99,Stay Sexy and Don't Get Murdered: The Definitive How To Guide
by Jeff VanderMeer,Used&nbspTrade Paperback,$13.50,$17.00,Borne
by Jon Krakauer,Used&nbspTrade Paperback,$13.50,$15.00,Classic Krakauer: Essays on Wilderness and Risk
by Brené Brown,Used&nbspTrade Paperback,$13.50,$18.00,Braving the Wilderness: The Quest for True Belonging and the Courage to Stand Alone
by Gregory David Roberts,Used&nbspTrade Paperback,$13.50,$19.99,Shantaram
by Carmen Maria Machado,Used&nbspHardcover,$13.50,$26.00,In the Dream House
by Patti Smith,Used&nbspTrade Paperback,$13.50,$16.99,Just Kids
by Jeff Kinney,Used&nbspHardcover,$13.50,$13.95,The Meltdown: Diary of a Wimpy Kid 13
by Dana Simpson,Used&nbspTrade Paperback,$13.50,$9.99,Phoebe and Her Unicorn (Phoebe and Her Unicorn #1)
by Susan Orlean,Used&nbspHardcover,$13.50,$28.00,The Library Book
by Jesmyn Ward,Used&nbspTrade Paperback,$13.50,$17.00,"Sing, Unburied, Sing"
by Adam Higginbotham,Used&nbspTrade Paperback,$13.50,$19.00,Midnight in Chernobyl: The Untold Story of the World's Greatest Nuclear Disaster
by Lisa Jewell,Used&nbspTrade Paperback,$13.50,$16.00,Then She Was Gone
by Blake Crouch,Used&nbspMass Market,$13.50,$9.99,Dark Matter A Novel
by Claudia Rankine,Used&nbspTrade Paperback,$13.50,$20.00,Citizen: An American Lyric
by Ibram X. Kendi,Used&nbspTrade Paperback,$13.50,$19.99,Stamped from the Beginning: The Definitive History of Racist Ideas in America
by Junot Diaz,Used&nbspTrade Paperback,$13.50,$17.00,The Brief Wondrous Life of Oscar Wao
by Paula Hawkins,Used&nbspTrade Paperback,$13.50,$16.00,The Girl on the Train
by Lauren Groff,Used&nbspTrade Paperback,$13.50,$17.00,Fates and Furies
by Helen Oyeyemi,Used&nbspTrade Paperback,$13.50,$17.00,Gingerbread
by Jenny Odell,Used&nbspHardcover,$13.50,$26.99,How To Do Nothing: Resisting the Attention Economy
by Tayari Jones,Used&nbspTrade Paperback,$13.50,$16.95,An American Marriage
by Adam Mansbach and Ricardo Cortes,Used&nbspHardcover,$13.50,$15.95,Go the F**k to Sleep
by Sarah J Maas,Used&nbspTrade Paperback,$13.50,$11.99,Throne of Glass
by Muriel Barbery,Used&nbspTrade Paperback,$13.50,$17.00,The Elegance of the Hedgehog
by Colin Meloy,Used&nbspHardcover,$13.50,$19.99,"Wildwood: The Wildwood Chronicles, Book I"
"by Wecker, Helene",Used&nbspTrade Paperback,$13.50,$16.99,The Golem and the Jinni
by Ashlee Vance,Used&nbspTrade Paperback,$13.50,$17.99,"Elon Musk: Tesla, SpaceX, and the Quest for a Fantastic Future"
by Michelle McNamara,Used&nbspHardcover,$13.50,$27.99,I'll Be Gone in the Dark: One Woman's Obsessive Search for the Golden State Killer
by Michelle McNamara,Used&nbspTrade Paperback,$13.50,$17.99,I'll Be Gone in the Dark: One Woman's Obsessive Search for the Golden State Killer
by Neal Stephenson,Used&nbspTrade Paperback,$13.50,$18.99,Seveneves
by S A Chakraborty,Used&nbspTrade Paperback,$13.50,$17.99,The City of Brass: Daevabad 1
by Barbara Kingsolver,Used&nbspTrade Paperback,$13.50,$17.99,Unsheltered
by Jerry Craft,Used&nbspTrade Paperback,$13.50,$12.99,New Kid
by Sue Monk Kidd,Used&nbspTrade Paperback,$13.50,$17.00,Secret Life of Bees
by John Green,Used&nbspTrade Paperback,$13.50,$10.99,Paper Towns
by Carlos Ruiz Zafón and Lucia Graves,Used&nbspTrade Paperback,$13.50,$18.00,The Shadow of the Wind
by Alex Hirsch and Rob Renzetti and Andy Gonsalves and Stephanie Ramirez,Used&nbspHardcover,$11.50,$19.99,Gravity Falls: Journal 3
by Tui T Sutherland,Used&nbspTrade Paperback,$11.50,$7.99,The Dragonet Prophecy ( Wings of Fire #1 )
"by Marjorie M Liu, Sana Takeda",Used&nbspTrade Paperback,$11.50,$9.99,The Awakening: Monstress Vol. 1
by Michael Singer,Used&nbspTrade Paperback,$11.50,$18.95,Untethered Soul The Journey Beyond Yourself
by Dav Pilkey,Used&nbspHardcover,$11.50,$9.99,Lord of the Fleas: Dog Man 5
by Mitchell Jackson,Used&nbspTrade Paperback,$11.50,$17.00,Survival Math: Notes on an All-American Family
by Colin Meloy and Carson Ellis and Carson Ellis and Carson Ellis,Used&nbspTrade Paperback,$11.50,$9.99,Under Wildwood Wildwood Chronicles 02
by Dav Pilkey,Used&nbspHardcover,$11.50,$12.99,For Whom the Ball Rolls: Dog Man 7
by Margaret Atwood,Used&nbspTrade Paperback,$11.50,$15.95,The Handmaid's Tale
by Thich Nhat Hanh and Jason DeAntonis,Used&nbspTrade Paperback,$11.50,$9.95,How to Connect (Mindfulness Essentials #8)
by Shannon Hale and LeUyen Pham,Used&nbspTrade Paperback,$11.50,$12.99,Best Friends
by Adam Rubin and Daniel Salmieri,Used&nbspHardcover,$11.50,$18.99,Dragons Love Tacos
by Cece Bell,Used&nbspTrade Paperback,$11.50,$12.99,El Deafo
by Chuck Palahniuk,Used&nbspHardcover,$11.50,$16.95,Fugitives & Refugees A Walk in Portland Oregon
by Ryan Andrews,Used&nbspTrade Paperback,$11.50,$14.99,This Was Our Pact
by Michelle Alexander,Used&nbspTrade Paperback,$11.50,$19.95,The New Jim Crow: Mass Incarceration in the Age of Colorblindness
by Atul Gawande,Used&nbspHardcover,$11.50,$28.00,Being Mortal: Medicine and What Matters in the End
by Mo Willems,Used&nbspHardcover,$11.50,$9.99,Should I Share My Ice Cream: An Elephant and Piggie Book
by Mo Willems,Used&nbspHardcover,$11.50,$9.99,Waiting Is Not Easy: An Elephant and Piggie Book
by Louise Penny,Used&nbspHardcover,$11.50,$28.99,All the Devils Are Here
by Ole Risom and Richard Scarry,Used&nbspBoard Book,$11.50,$7.99,I Am a Bunny
by Brené Brown,Used&nbspHardcover,$11.50,$28.00,Braving the Wilderness: The Quest for True Belonging and the Courage to Stand Alone
by Philip Pullman,Used&nbspHardcover,$11.50,$22.99,La Belle Sauvage: Book of Dust 1
by Lynda Mullaly Hunt,Used&nbspTrade Paperback,$11.50,$8.99,Fish in a Tree
by Sarah Kendzior,Used&nbspHardcover,$11.50,$27.99,Hiding in Plain Sight: The Invention of Donald Trump and the Erosion of America
by Mo Willems,Used&nbspHardcover,$11.50,$9.99,We Are in a Book: An Elephant and Piggie Book
by Simon Sinek,Used&nbspTrade Paperback,$11.50,$16.00,Start with Why: How Great Leaders Inspire Everyone to Take Action
by Kelly Barnhill,Used&nbspTrade Paperback,$11.50,$9.95,The Girl Who Drank the Moon
by Stieg Larsson and Reg Keeland,Used&nbspHardcover,$11.50,$27.95,The Girl Who Kicked the Hornets Nest
by Angie Thomas,Used&nbspHardcover,$11.50,$18.99,On the Come Up
by Vera Brosgol,Used&nbspTrade Paperback,$11.50,$12.99,Be Prepared
by Craig Smith and Katz Cowley,Used&nbspTrade Paperback,$11.50,$7.99,The Wonky Donkey
by Randall Munroe,Used&nbspHardcover,$11.50,$28.00,What If? Serious Scientific Answers to Absurd Hypothetical Questions
by Sally Rooney,Used&nbspHardcover,$11.50,$26.00,Normal People: A Novel
by Ruth Ware,Used&nbspTrade Paperback,$11.50,$16.99,The Turn of the Key
"by Andrea Beaty, David Roberts",Used&nbspHardcover,$11.50,$12.99,Rosie Revere and the Raucous Riveters (The Questioneers #1)
by Marilynne Robinson,Used&nbspTrade Paperback,$11.50,$17.00,Gilead
by Innosanto Nagara,Used&nbspBoard Book,$11.50,$11.95,A is for Activist
by Thich Nhat Hanh,Used&nbspTrade Paperback,$11.50,$9.95,How to Relax
by Leslie Patricelli,Used&nbspBoard Book,$11.50,$7.99,Toot
by Trenton Lee Stewart,Used&nbspTrade Paperback,$11.50,$9.99,The Mysterious Benedict Society: Mysterious Benedict Society 1
by Stieg Larsson,Used&nbspTrade Paperback,$11.50,$16.95,The Girl With The Dragon Tattoo (Millenium #1)
"by Joshua Foer, Dylan Thuras, Ella Morton",Used&nbspHardcover,$11.50,$35.00,Atlas Obscura: An Explorer's Guide to the World's Hidden Wonders
by Bob Woodward,Used&nbspHardcover,$11.50,$30.00,Rage
by Robert Moor,Used&nbspTrade Paperback,$11.50,$17.00,On Trails: An Exploration
"by Beard, Mary",Used&nbspTrade Paperback,$11.50,$17.95,S.P.Q.R: A History of Ancient Rome
by Johanna Basford,Used&nbspTrade Paperback,$11.50,$15.95,Enchanted Forest: An Inky Quest and Coloring Book
by Maurice Sendak,Used&nbspTrade Paperback,$11.50,$8.95,Where the Wild Things Are
by Anna Burns,Used&nbspTrade Paperback,$11.50,$16.00,Milkman
by Ruth Ware,Used&nbspHardcover,$11.50,$27.99,One by One
by Esmé Weijun Wang,Used&nbspTrade Paperback,$9.98,$16.00,The Collected Schizophrenias: Essays
by M R Carey,Used&nbspTrade Paperback,$9.98,$16.99,The Girl With All The Gifts: Hungry Plague 1
by Ben Clanton,Used&nbspTrade Paperback,$9.98,$7.99,Narwhal & Jelly 01 Narwhal Unicorn of the Sea
by Thich Nhat Hanh,Used&nbspTrade Paperback,$9.98,$9.95,How to Fight (Mindfulness Essentials)
by Paulo Coelho,Used&nbspTrade Paperback,$9.98,$16.99,The Alchemist
by Neil Gaiman,Used&nbspTrade Paperback,$9.98,$8.99,The Graveyard Book
by Mo Willems,Used&nbspHardcover,$9.98,$9.99,The Thank You Book
by Sara Blaedel,Used&nbspTrade Paperback,$9.98,$14.99,The Forgotten Girls (Louise Rick #7)
by Angela Duckworth,Used&nbspTrade Paperback,$9.98,$18.99,Grit: The Power of Passion and Perseverance
by Phil Knight,Used&nbspHardcover,$9.98,$30.00,Shoe Dog: A Memoir by the Creator of Nike
by Michael Mullin and John Skewes,Used&nbspHardcover,$9.98,$17.99,Larry Gets Lost in Portland
by Elizabeth Gilbert,Used&nbspTrade Paperback,$9.98,$17.00,Big Magic: Creative Living Beyond Fear
by Ann Patchett,Used&nbspTrade Paperback,$9.98,$16.99,State of Wonder
by J.D. Vance,Used&nbspTrade Paperback,$9.98,$17.99,Hillbilly Elegy: A Memoir of a Family and Culture in Crisis
by Ann Patchett,Used&nbspHardcover,$9.98,$27.99,The Dutch House
by William Finnegan,Used&nbspTrade Paperback,$9.98,$18.00,Barbarian Days: A Surfing Life
by Kazuo Ishiguro,Used&nbspTrade Paperback,$9.98,$16.95,The Buried Giant
by David Grann,Used&nbspTrade Paperback,$9.98,$16.95,Killers of the Flower Moon: The Osage Murders and the Birth of the FBI
by Sherman Alexie,Used&nbspTrade Paperback,$9.98,$15.99,The Absolutely True Diary of a Part-Time Indian
by Naomi Alderman,Used&nbspTrade Paperback,$9.98,$16.99,The Power
by Stephenie Meyer,Used&nbspHardcover,$9.98,$27.99,Midnight Sun
by Margaret Atwood,Used&nbspHardcover,$9.98,$28.95,The Testaments
by Neil Gaiman,Used&nbspHardcover,$9.98,$25.95,Norse Mythology
by Trevor Noah,Used&nbspHardcover,$9.98,$28.00,Born a Crime: Stories from a South African Childhood
by Ta-Nehisi Coates,Used&nbspHardcover,$9.98,$28.00,The Water Dancer
by Tommy Orange,Used&nbspHardcover,$9.98,$25.95,There There
by Ottessa Moshfegh,Used&nbspTrade Paperback,$9.98,$16.00,My Year of Rest and Relaxation
by Esi Edugyan,Used&nbspTrade Paperback,$9.98,$16.95,Washington Black
by Andy Weir,Used&nbspTrade Paperback,$9.98,$17.00,Artemis
by J.K. Rowling,Used&nbspTrade Paperback,$9.98,$10.99,Harry Potter and the Sorcerer's Stone (Harry Potter #1)
by Rick Riordan,Used&nbspTrade Paperback,$9.98,$7.99,The Lightning Thief: Percy Jackson and the Olympians 1
by Bryan Stevenson,Used&nbspTrade Paperback,$9.98,$17.00,Just Mercy: A Story of Justice and Redemption
by Paul Kalanithi,Used&nbspHardcover,$9.98,$26.00,When Breath Becomes Air
by Susan Choi,Used&nbspTrade Paperback,$9.98,$15.99,Trust Exercise: A Novel
by Haruki Murakami and Philip Gabriel,Used&nbspTrade Paperback,$9.98,$17.00,Kafka On The Shore
by Colson Whitehead,Used&nbspHardcover,$9.98,$27.95,Underground Railroad
by Kazu Kibuishi,Used&nbspTrade Paperback,$9.98,$12.99,The Stonekeeper (Amulet #1)
by Victoria Jamieson and Omar Mohamed,Used&nbspTrade Paperback,$9.98,$12.99,When Stars Are Scattered
by Ann Patchett,Used&nbspTrade Paperback,$9.98,$16.99,Commonwealth
by J K Rowling,Used&nbspHardcover,$9.98,$29.99,Harry Potter 06 & The Half Blood Prince
by J K Rowling,Used&nbspTrade Paperback,$9.98,$14.99,Harry Potter and The Deathly Hallows (Harry Potter #7)
by J.K. Rowling,Used&nbspTrade Paperback,$9.98,$10.99,Harry Potter and the Chamber of Secrets (Harry Potter #2)
by J K Rowling,Used&nbspTrade Paperback,$9.98,$12.99,Harry Potter and the Goblet Of Fire: Harry Potter 4
by J K Rowling,Used&nbspTrade Paperback,$9.98,$10.99,Harry Potter and the Prisoner of Azkaban (Harry Potter #3)
by J K Rowling,Used&nbspTrade Paperback,$9.98,$12.99,Harry Potter and the Order of the Phoenix (Harry Potter #5)
by J K Rowling,Used&nbspTrade Paperback,$9.98,$12.99,Harry Potter and The Half Blood Prince (Harry Potter #6)
"by Thich Nhat Hanh, Jack Kornfield, Joan Halifax",Used&nbspTrade Paperback,$9.98,$12.95,Mindfulness Survival Kit Five Essential Practices
"by Haruki Murakami, Philip Gabriel",Used&nbspTrade Paperback,$9.98,$16.00,Colorless: Tsukuru Tazaki and His Years of Pilgrimage
by Robert Jordan,Used&nbspMass Market,$9.98,$9.99,Eye of the World Wheel of Time 01
by Neil Gaiman,Used&nbspMass Market,$9.98,$7.99,Neverwhere
by E B White,Used&nbspBook Club Paperback,,,Charlottes Web
by Pam Muñoz Ryan and Brian Selznick,Used&nbspTrade Paperback,,$6.99,Riding Freedom
by Dawn Huebner,Used&nbspTrade Paperback,,$16.99,What to Do When You Worry Too Much A Kids Guide to Overcoming Anxiety
"by Lian Hearn, Gillian Rubinstein",Used&nbspTrade Paperback,,$17.00,Across the Nightingale Floor Tales of the Otori 01
by Mary Pipher,Used&nbspTrade Paperback,,$14.95,Reviving Ophelia Saving The Selves Of Adolescent Girls
"by Brian K. Vaughan and Pia Guerra and José Marzán, Jr.",Used&nbspTrade Paperback,,$14.99,"Y: The Last Man, Volume 1: Unmanned"
by Peter Stark,Used&nbspTrade Paperback,,$16.99,Astoria: Astor and Jefferson's Lost Pacific Empire
by Sy Montgomery,Used&nbspTrade Paperback,,$16.99,The Soul of an Octopus: A Surprising Exploration Into the Wonder of Consciousness
by Leigh Bardugo,Used&nbspTrade Paperback,,$11.99,Six of Crows (Six of Crows #1)
by Mary L. Trump,Used&nbspHardcover,,$28.00,Too Much and Never Enough: How My Family Created the World's Most Dangerous Man
by Mark Manson,Used&nbspHardcover,,$26.99,Subtle Art of Not Giving a Fck A Counterintuitive Approach to Living a Good Life
by Ta-Nehisi Coates,Used&nbspHardcover,,$26.00,Between the World and Me
by Neil deGrasse Tyson,Used&nbspHardcover,,$18.95,Astrophysics for People in a Hurry
by Patrick Rothfuss,Used&nbspMass Market,,$10.99,The Name of the Wind
by Anthony Doerr,Used&nbspTrade Paperback,,$18.00,All the Light We Cannot See
by Sally Rooney,Used&nbspTrade Paperback,,$17.00,Normal People
by Colin Meloy,Used&nbspTrade Paperback,,$9.99,Wildwood
by Roxane Gay,Used&nbspTrade Paperback,,$16.99,Bad Feminist
by Chimamanda Ngozi Adichie,Used&nbspTrade Paperback,,$16.95,Americanah
by David Sedaris,Used&nbspTrade Paperback,,$17.99,Calypso
by Richard Powers,Used&nbspTrade Paperback,,$18.95,The Overstory
by Trevor Noah,Used&nbspTrade Paperback,,$18.00,Born a Crime: Stories from a South African Childhood
by Tara Westover,Used&nbspHardcover,,$28.00,Educated: A Memoir
by Celeste Ng,Used&nbspTrade Paperback,,$17.00,Little Fires Everywhere
by Neil Gaiman,Used&nbspMass Market,,$7.99,American Gods
by Charles Duhigg,Used&nbspTrade Paperback,,$18.00,Power of Habit Why We Do What We Do in Life & Business
by Tana French,Used&nbspTrade Paperback,,$18.00,The Witch Elm
by Helen Macdonald,Used&nbspHardcover,,,Vesper Flights
by George Saunders,Used&nbspTrade Paperback,,$17.00,Lincoln in the Bardo: A Novel
by Angie Thomas,Used&nbspHardcover,,$18.99,The Hate U Give
by Carmen Maria Machado,Used&nbspTrade Paperback,,$16.00,Her Body and Other Parties: Stories
by Veronica Roth,Used&nbspTrade Paperback,,$9.99,Divergent 01
by Cheryl Strayed,Used&nbspTrade Paperback,,$16.95,Tiny Beautiful Things: Advice On Love & Life from Dear Sugar
by George Orwell,Used&nbspMass Market,,$9.99,1984
by Patrick Rothfuss,Used&nbspMass Market,,$9.99,The Wise Mans Fear
"by Mandel, Emily St John",Used&nbspTrade Paperback,,$16.95,Station Eleven
by Samantha Irby,Used&nbspTrade Paperback,,$15.95,We Are Never Meeting in Real Life: Essays
by Atul Gawande,Used&nbspTrade Paperback,,$17.00,Being Mortal: Medicine and What Matters in the End
by Dav Pilkey,Used&nbspHardcover,,$9.99,Brawl of the Wild: Dog Man 6
by Brene Brown,Used&nbspTrade Paperback,,$17.00,"Daring Greatly: How the Courage to Be Vulnerable Transforms the Way We Live, Love, Parent and Lead"
by Jennifer Egan,Used&nbspTrade Paperback,,$16.95,A Visit from the Goon Squad
by Raina Telgemeier,Used&nbspTrade Paperback,,$12.99,Guts
by Diana Wynne Jones,Used&nbspTrade Paperback,,$9.99,Howls Moving Castle
by Bill Bryson,Used&nbspHardcover,,$30.00,The Body: A Guide for Occupants
by Terry Pratchett and Neil Gaiman,Used&nbspMass Market,,$8.99,"Good Omens: The Nice and Accurate Prophecies of Agnes Nutter, Witch"
by Dan McCarthy and Joe Veno,Used&nbspBoard Book,,$9.95,Good Night Oregon
by Tui T. Sutherland and Mike Holmes,Used&nbspTrade Paperback,,$12.99,The Dragonet Prophecy: Wings of Fire the Graphic Novel 1
by Colson Whitehead,Used&nbspHardcover,,$24.95,The Nickel Boys
by Suzanne Collins,Used&nbspHardcover,,$18.99,Catching Fire: Hunger Games #2
by Megan Miranda,Used&nbspTrade Paperback,,$16.00,All the Missing Girls
"by Greer Hendricks, Sarah Pekkanen",Used&nbspTrade Paperback,$9.95,$16.99,Wife Between Us
by Rachel Cusk,Used&nbspTrade Paperback,$9.95,$17.00,Kudos
"by Genki Kawamura, Eric Selland",Used&nbspHardcover,$9.95,$17.99,If Cats Disappeared from the World
by Nana Kwame Adjei-Brenyah,Used&nbspTrade Paperback,$9.95,$14.99,Friday Black
"by Ann M Martin, Gale Galligan",Used&nbspTrade Paperback,$9.95,$10.99,Kristy's Big Day: The Baby Sitters Club #6
"by Randy Pausch, Jeffrey Zaslow",Used&nbspHardcover,$9.95,$22.00,Last Lecture
by Kate Morton,Used&nbspTrade Paperback,$9.95,$17.00,Forgotten Garden
by Mary Pope Osborne,Used&nbspTrade Paperback,$9.95,$5.99,Magic Tree House 04 Pirates Past Noon
by Andy Weir,Used&nbspMass Market,$9.95,,Artemis
by George Saunders,Used&nbspHardcover,$9.95,$17.00,Fox 8: A Story
by Barbara Kingsolver,Used&nbspTrade Paperback,$9.95,$16.99,Prodigal Summer
by Craig Johnson,Used&nbspTrade Paperback,$9.95,$16.00,The Cold Dish: Walt Longmire 1
by Alcoholics Anonymous,Used&nbspHardcover,$9.95,$21.95,Alcoholics Anonymous 4th Edition
by Jon Scieszka,Used&nbspHardcover,$9.95,$18.99,Stinky Cheese Man & Other Fairly Stupid Tales
by Salman Rushdie,Used&nbspTrade Paperback,$9.95,$16.00,Satanic Verses
by David Foster Wallace,Used&nbspTrade Paperback,$9.95,,Consider the Lobster & Other Essays
by Celia C. Pérez,Used&nbspTrade Paperback,$9.95,$8.99,The First Rule of Punk
by Lois Lowry,Used&nbspTrade Paperback,$9.95,,Number the Stars
"by Armstrong, Karen",Used&nbspTrade Paperback,$9.95,$18.00,"A History of God: The 4,000-Year Quest of Judaism, Christianity and Islam"
"by Katherine Sully, Helen Poole",Used&nbspBoard Book,$9.95,$9.99,Night Night Oregon
by Stephen Markley,Used&nbspTrade Paperback,$9.95,$18.00,Ohio
"by James Howe, Deborah Howe, Alan Daniel",Used&nbspTrade Paperback,$9.95,$10.99,Bunnicula 40th Anniversary Edition
by Alastair Bonnett,Used&nbspTrade Paperback,$9.95,,Off the Map
by Agatha Christie,Used&nbspTrade Paperback,$9.95,$15.99,Murder on the Orient Express: Hercule Poirot 10
by Rita Williams-Garcia and Frank Morrison,Used&nbspTrade Paperback,$9.95,$7.99,Clayton Byrd Goes Underground
by Nora McInerny Purmort,Used&nbspTrade Paperback,$9.95,$16.99,It's Okay to Laugh (Crying Is Cool Too)
by Deborah Eisenberg,Used&nbspTrade Paperback,$9.95,$16.99,Your Duck Is My Duck: Stories
by Jim Collins,Used&nbspHardcover,$9.95,$32.50,Good to Great Why Some Companies Make the Leap & Others Dont
by Kerry Patterson,Used&nbspTrade Paperback,$9.95,$16.95,Crucial Conversations Tools for Talking When Stakes Are High
by Nathaniel Philbrick,Used&nbspTrade Paperback,$9.95,$18.00,In the Heart of the Sea
by Jean Craighead George,Used&nbspTrade Paperback,$9.95,$7.99,Mountain 01 My Side Of The Mountain
by Michio Kaku,Used&nbspTrade Paperback,$9.95,$16.00,Physics of the Impossible A Scientific Exploration Into the World of Phasers Force Fields Teleportation & Time Travel
"by Munro Leaf, Robert Lawson",Used&nbspBoard Book,$9.95,$8.99,Story of Ferdinand
by Alan Lightman,Used&nbspTrade Paperback,$9.95,$7.99,Einsteins Dreams
by Rosie Walsh,Used&nbspTrade Paperback,$9.95,$16.00,Ghosted
by Temple Grandin,Used&nbspTrade Paperback,$9.95,$15.95,Animals Make Us Human Creating the Best Life for Animals
by Scott O'Dell,Used&nbspTrade Paperback,$9.95,$8.99,Island of the Blue Dolphins
by Truman Capote,Used&nbspTrade Paperback,$9.95,$14.95,Breakfast At Tiffanys & Three Stories
"by Guterson, David",Used&nbspTrade Paperback,$9.95,$16.95,Snow Falling on Cedars
by Hunter S Thompson,Used&nbspTrade Paperback,$9.95,$16.99,Rum Diary
by Therese Anne Fowler,Used&nbspTrade Paperback,$9.95,$16.99,Z: A Novel of Zelda Fitzgerald
by Jack Gantos,Used&nbspTrade Paperback,$9.95,$7.99,Joey Pigza Swallowed the Key (Joey Pigza #1)
by Jesse Wiley,Used&nbspTrade Paperback,$9.95,$7.99,Oregon Trail 01 Race to Chimney Rock
by Jesse Wiley,Used&nbspTrade Paperback,$9.95,$24.99,Oregon Trail Paperback Boxed Set Plus Poster Map
by Sarah Waters,Used&nbspTrade Paperback,$9.95,$17.00,Little Stranger
"by Hendrik Groen, Hester Velmans",Used&nbspTrade Paperback,$9.95,$16.99,Secret Diary of Hendrik Groen
by Kate Harris,Used&nbspTrade Paperback,$9.95,$16.99,Lands of Lost Borders A Journey on the Silk Road
by Carl Hiaasen,Used&nbspTrade Paperback,$9.95,$7.99,Hoot
by Amita Trasi,Used&nbspTrade Paperback,$9.95,$15.99,Color of Our Sky
by Jim Fergus,Used&nbspTrade Paperback,$9.95,$16.99,One Thousand White Women The Journals of May Dodd
by Stieg Larsson,Used&nbspTrade Paperback,$7.95,$16.95,Girl Who Played with Fire
by David Levithan,Used&nbspTrade Paperback,$7.95,$10.99,Every Day
by Michael Chabon,Used&nbspTrade Paperback,$7.95,$16.00,Amazing Adventures of Kavalier & Clay
by Roberto Bolaño,Used&nbspTrade Paperback,$7.95,$21.00,Savage Detectives
by Malcolm Gladwell,Used&nbspTrade Paperback,$7.95,$18.99,What the Dog Saw & Other Adventures
by Kate Atkinson,Used&nbspTrade Paperback,$7.95,$18.00,Life After Life
by Robert Galbraith,Used&nbspTrade Paperback,$7.95,$18.00,The Cuckoo's Calling: Cormoran Strike 1
by Courtenay Hameister,Used&nbspHardcover,$7.95,$26.00,Okay Fine Whatever: The Year I Went from Being Afraid of Everything to Only Being Afraid of Most Things
by Anna Wiener,Used&nbspHardcover,$7.95,$27.00,Uncanny Valley: A Memoir
"by Deborah Diesen, Daniel X Hanna",Used&nbspBoard Book,$7.95,$7.99,Pout Pout Fish
by Zadie Smith,Used&nbspTrade Paperback,$7.95,$17.00,White Teeth
by Dave Eggers,Used&nbspTrade Paperback,$7.95,$16.95,Heartbreaking Work of Staggering Genius
by Ian McEwan,Used&nbspTrade Paperback,$7.95,$16.95,Atonement
by Anthony Burgess,Used&nbspTrade Paperback,$7.95,$15.95,A Clockwork Orange
by Mary Roach,Used&nbspTrade Paperback,$7.95,$16.95,Stiff: The Curious Lives of Human Cadavers
by William Golding,Used&nbspMass Market,$7.95,$11.00,Lord of the Flies
by Georgia Hunter,Used&nbspTrade Paperback,$7.95,$16.00,We Were the Lucky Ones
by Carolyn Keene,Used&nbspHardcover,$7.95,$9.99,The Secret Of The Old Clock: Nancy Drew 1
by Ken Kesey,Used&nbspMass Market,$7.95,$9.99,One Flew over the Cuckoo's Nest
by Margaret Atwood,Used&nbspTrade Paperback,$7.95,$15.95,Handmaids Tale Movie Tie In
by John Green,Used&nbspHardcover,$7.95,$19.99,Turtles All the Way Down Signed Edition
by Noor Unnahar,Used&nbspTrade Paperback,$7.95,$14.99,yesterday i was the moon
by Dav Pilkey,Used&nbspHardcover,$7.95,$9.99,Captain Underpants and the Tyrannical Retaliation of the Turbo Toilet 2000 (Captain Underpants #11)
by Scholastic Inc,Used&nbspTrade Paperback,$7.95,$11.99,Pokémon Deluxe Essential Handbook: The Need-to-Know Stats and Facts on Over 700 Pokémon
by George R R Martin,Used&nbspMass Market,$7.95,$9.99,A Game of Thrones: Song of Ice and Fire 1
by John Gottman,Used&nbspTrade Paperback,$7.95,$15.00,Seven Principles for Making Marriage Work
by J.R.R. Tolkien,Used&nbspTrade Paperback,$7.95,,The Hobbit
by Stephen Covey,Used&nbspTrade Paperback,$7.95,$15.00,7 Habits of Highly Effective People
by Albert Camus,Used&nbspTrade Paperback,$7.95,$13.95,The Stranger
by Sandra Cisneros,Used&nbspTrade Paperback,$7.95,$11.95,The House on Mango Street
by Gabriel Tallent,Used&nbspTrade Paperback,$7.95,$16.00,My Absolute Darling A Novel
by John Hodgman,Used&nbspTrade Paperback,$7.95,$17.00,Vacationland: True Stories from Painful Beaches
by Chuck Klosterman,Used&nbspTrade Paperback,$7.95,$17.00,"Sex, Drugs, and Cocoa Puffs: A Low Culture Manifesto"
"by Goodwin, Doris Kearns",Used&nbspTrade Paperback,$7.95,$24.00,Team of Rivals The Political Genius of Abraham Lincoln
by Diane Setterfield,Used&nbspTrade Paperback,$7.95,$17.99,Once Upon a River
by William Goldman,Used&nbspTrade Paperback,$7.95,,Princess Bride UK
by Jon Kabat Zinn,Used&nbspTrade Paperback,$7.95,,Wherever You Go There You Are
by Kate Dicamillo,Used&nbspTrade Paperback,$7.95,$7.99,Tale of Despereaux Being the Story of a Mouse a Princess Some Soup & a Spool of Thread
by Annalee Newitz,Used&nbspTrade Paperback,$7.95,$15.99,Autonomous
by Pam Jenoff,Used&nbspTrade Paperback,$7.95,$16.99,The Lost Girls of Paris
by Ned Vizzini,Used&nbspTrade Paperback,$7.95,$9.99,Its Kind of a Funny Story
by Lily King,Used&nbspTrade Paperback,$7.95,$16.00,Euphoria
by John Kennedy Toole,Used&nbspTrade Paperback,$7.95,$16.00,A Confederacy of Dunces
by Gary Chapman,Used&nbspTrade Paperback,$7.95,$12.99,Five Love Languages The Secret to Love That Lasts
by Gertrude Chandler Warner,Used&nbspTrade Paperback,$7.95,$6.99,The Boxcar Children Mysteries||||The Boxcar Children
by Jeff Kinney,Used&nbspHardcover,$7.95,$13.95,The Ugly Truth: Diary of a Wimpy Kid 5
by Nina Laden,Used&nbspBoard Book,$7.95,$6.95,Peek-A Who?
"by Annie Barrows, Sophie Blackall",Used&nbspTrade Paperback,$7.95,$5.99,Ivy & Bean 01
by Martha Hall Kelly,Used&nbspTrade Paperback,$7.95,$17.00,Lilac Girls
by Katherine Applegate,Used&nbspHardcover,$7.95,$16.99,Wishtree
by Daniel Quinn,Used&nbspTrade Paperback,$11.50,$18.00,Ishmael
by James W Loewen,Used&nbspTrade Paperback,$11.50,$14.00,Lies My Teacher Told Me 1st Edition
by Chuck Palahniuk,Used&nbspTrade Paperback,$11.50,$14.95,Fight Club
by David Sedaris,Used&nbspTrade Paperback,$11.50,$16.99,When You Are Engulfed in Flames
by Philip Pullman,Used&nbspTrade Paperback,$11.50,$8.99,The Golden Compass: His Dark Materials 1
by Julia Cameron,Used&nbspTrade Paperback,$11.50,$15.95,Artists Way a Spiritual Path to Higher Creativity
by Gabriel Garcia Marquez,Used&nbspTrade Paperback,$11.50,$16.95,Love in the Time of Cholera
by John Steinbeck,Used&nbspTrade Paperback,$11.50,$20.00,Grapes of Wrath
by Barack Obama,Used&nbspTrade Paperback,$11.50,$18.99,Dreams from My Father: A Story of Race and Inheritance
by Naomi Klein,Used&nbspHardcover,$11.50,$27.00,On Fire: The (Burning) Case for a Green New Deal
by Jeannette Walls,Used&nbspTrade Paperback,$11.50,$17.00,Half Broke Horses
by Mary Ann Shaffer,Used&nbspTrade Paperback,$11.50,$17.00,The Guernsey Literary and Potato Peel Pie Society
by Michael Chabon,Used&nbspTrade Paperback,$11.50,$16.99,The Yiddish Policemen's Union
by C S Lewis,Used&nbspTrade Paperback,$11.50,$15.99,Mere Christianity
by Anthony Bourdain,Used&nbspTrade Paperback,$11.50,$16.99,Kitchen Confidential Updated Edition Adventures in the Culinary Underbelly
by Zora Neale Hurston,Used&nbspTrade Paperback,$11.50,$8.95,Their Eyes Were Watching God
by Anthony Bourdain,Used&nbspTrade Paperback,$11.50,$14.00,Kitchen Confidential
by Harper Lee,Used&nbspTrade Paperback,$11.50,$15.99,To Kill a Mockingbird
by Arundhati Roy,Used&nbspTrade Paperback,$11.50,$14.00,The God of Small Things
by Brandon Mull,Used&nbspTrade Paperback,$11.50,$8.99,Fablehaven (Fablehaven #1)
"by Draper, Sharon M.",Used&nbspTrade Paperback,$11.50,$9.99,Out of My Mind
by Jesse Andrews,Used&nbspTrade Paperback,$11.50,$9.95,Me and Earl and the Dying Girl (Revised Edition)
by Jeff Kinney,Used&nbspHardcover,$11.50,$13.99,Diary of an Awesome Friendly Kid: Rowley Jefferson's Journal
by Lisa McMann,Used&nbspTrade Paperback,$11.50,$8.99,Unwanteds 01
by William Kent Krueger,Used&nbspTrade Paperback,$11.50,$17.00,Ordinary Grace
by Ray Bradbury,Used&nbspTrade Paperback,$11.50,$17.00,Fahrenheit 451
by Jonathan Stutzman and Jay Fleck,Used&nbspHardcover,$11.50,$15.99,Tiny T. Rex and the Impossible Hug
by Jonah Berger,Used&nbspTrade Paperback,$11.50,$16.00,Invisible Influence The Hidden Forces That Shape Behavior
by Mitchell Jackson,Used&nbspHardcover,$11.50,$26.00,Survival Math: Notes on an All-American Family
by Mark T Sullivan,Used&nbspTrade Paperback,$11.50,$14.95,Beneath a Scarlet Sky
by Abbi Jacobson,Used&nbspHardcover,$11.50,$28.00,"I Might Regret This: Essays, Drawings, Vulnerabilities, and Other Stuff"
by Rhonda Byrne,Used&nbspHardcover,$11.50,$23.95,Secret
by Sloane Crosley,Used&nbspTrade Paperback,$11.50,$16.00,I Was Told Thered Be Cake
"by John Gorham, Liz Crain",Used&nbspHardcover,$11.50,$29.95,Hello! My Name Is Tasty: Global Diner Favorites from Portland's Tasty Restaurants
by Andrew Shaffer,Used&nbspTrade Paperback,$11.50,$14.99,Hope Never Dies: An Obama Biden Mystery
by Adam Savage,Used&nbspHardcover,$11.50,$27.00,Every Tool's a Hammer: Life Is What You Make It
"by Kline, Christina Baker",Used&nbspTrade Paperback,$11.50,$16.99,Orphan Train
by Patrick Dewitt,Used&nbspTrade Paperback,$11.50,$16.99,The Sisters Brothers
by Soman Chainani and Iacopo Bruno,Used&nbspTrade Paperback,$11.50,$8.99,The School for Good and Evil (School for Good and Evil #1)
by Margot Lee Shetterly,Used&nbspTrade Paperback,$11.50,$17.99,Hidden Figures
by Rene Denfeld,Used&nbspTrade Paperback,$11.50,$15.99,The Child Finder
by A J Finn,Used&nbspTrade Paperback,$11.50,$16.99,The Woman in the Window
by Patrick deWitt,Used&nbspTrade Paperback,$11.50,$16.99,French Exit
by Terri Libenson,Used&nbspTrade Paperback,$11.50,$12.99,Just Jaime (Emmie and Friends)
by Wallace Stegner,Used&nbspTrade Paperback,$11.50,$15.00,Angle of Repose
by John A Flanagan,Used&nbspTrade Paperback,$11.50,$8.99,The Ruins of Gorlan
by Roald Dahl,Used&nbspTrade Paperback,$11.50,$7.99,The BFG
by Sue Monk Kidd,Used&nbspTrade Paperback,$11.50,$17.00,The Invention of Wings
by Audrey Niffenegger,Used&nbspTrade Paperback,$11.50,$14.95,Time Travelers Wife
by William Strunk,Used&nbspMass Market,$11.50,$9.99,Elements of Style 4th Edition
by Joan Didion,Used&nbspTrade Paperback,$10.50,$16.00,The Year Of Magical Thinking
by Eckhart Tolle,Used&nbspTrade Paperback,$10.50,$17.00,New Earth Awakening to Your Lifes Purpose
"by Mary Pope Osborne, Salvatore Murdocca",Used&nbspTrade Paperback,$10.50,$5.99,Magic Tree House 05 Night Of The Ninjas
by Tana French,Used&nbspTrade Paperback,$10.50,$17.00,The Likeness
by Cormac McCarthy,Used&nbspTrade Paperback,$10.50,$16.00,All the Pretty Horses
"by Martin, Ann M.",Used&nbspTrade Paperback,$10.50,$10.99,Kristy's Great Idea: Full-Color Edition (the Baby-Sitters Club Graphix #1)
by B A Paris,Used&nbspTrade Paperback,$10.50,$16.99,Behind Closed Doors
by Jeff Kinney,Used&nbspHardcover,$10.50,$13.95,The Third Wheel (Diary of a Wimpy Kid #7)
by Ann Patchett,Used&nbspTrade Paperback,$10.50,$13.95,Bel Canto
by Lee Child,Used&nbspHardcover,$10.50,$28.99,Blue Moon: Jack Reacher 24
by Rick Riordan,Used&nbspTrade Paperback,$10.50,$7.99,Percy Jackson 04 Battle of the Labyrinth
by Melody Beattie,Used&nbspTrade Paperback,$10.50,$16.95,Codependent No More How to Stop Controlling Others & Start Caring for Yourself
by Gillian Flynn,Used&nbspTrade Paperback,$10.50,$17.00,Gone Girl
by Erik Larson,Used&nbspTrade Paperback,$10.50,$18.00,In the Garden of Beasts Love Terror & an American Family in Hitlers Berlin
by Rick Riordan,Used&nbspTrade Paperback,$10.50,$7.99,Percy Jackson 05 The Last Olympian
"by Sachar, Louis",Used&nbspTrade Paperback,$10.50,$8.99,Holes
by Jeff Smith,Used&nbspTrade Paperback,$10.50,$12.99,Bone 01 Out From Boneville
by Barbara Kingsolver,Used&nbspTrade Paperback,$10.50,$16.99,Flight Behavior
by Kate Atkinson,Used&nbspTrade Paperback,$10.50,$16.99,Case Histories
by C. S. Lewis,Used&nbspTrade Paperback,$10.50,$15.99,The Screwtape Letters
by Sandra Boynton,Used&nbspBoard Book,$10.50,$7.95,Barnyard Dance
by Barbara Kingsolver,Used&nbspTrade Paperback,$10.50,,Animal Dreams
by Paul Gerald,Used&nbspTrade Paperback,$10.50,$18.95,60 Hikes Within 60 Miles: Portland (5th Edition)
by Timothy Egan,Used&nbspTrade Paperback,$10.50,$15.95,The Worst Hard Time
"by Heidi Murkoff, Sharon Mazel",Used&nbspTrade Paperback,$10.50,$15.95,What to Expect When Youre Expecting 5th Edition
by Raina Telgemeier,Used&nbspTrade Paperback,$10.50,$10.99,Smile 01
by F Scott Fitzgerald,Used&nbspTrade Paperback,$10.50,$17.00,The Great Gatsby
by Shel Silverstein,Used&nbspHardcover,$10.50,$19.99,Where the Sidewalk Ends Poems & Drawings
by Michael Pollan,Used&nbspTrade Paperback,$10.50,$18.00,Botany of Desire A Plants Eye View of the World
by Lisa Taddeo,Used&nbspHardcover,$10.50,$27.00,Three Women
by Malala Yousafzai and Christina Lamb,Used&nbspTrade Paperback,$10.50,$17.99,I Am Malala: The Girl Who Stood Up for Education and Was Shot by the Taliban
by Jeff Kinney,Used&nbspHardcover,$10.50,$13.95,Diary of a Wimpy Kid (Diary of a Wimpy Kid #1)
by Ruth Ware,Used&nbspTrade Paperback,$10.50,$16.00,The Woman in Cabin 10
by Atul Gawande,Used&nbspTrade Paperback,$10.50,$17.00,Checklist Manifesto How to Get Things Right
by Liane Moriarty,Used&nbspTrade Paperback,$10.50,$16.00,Big Little Lies
"by David Sedaris, Ian Falconer",Used&nbspTrade Paperback,$10.50,$15.99,Squirrel Seeks Chipmunk
by Jon Krakauer,Used&nbspTrade Paperback,$10.50,$15.00,Into the Wild
by David Sedaris,Used&nbspTrade Paperback,$10.50,$17.99,Dress Your Family in Corduroy and Denim
by David Sedaris,Used&nbspTrade Paperback,$10.50,$16.99,Naked
by Shel Silverstein,Used&nbspHardcover,$10.50,$17.99,Giving Tree
by Little Brown Books for Young Readers,Used&nbspTrade Paperback,$10.50,$7.99,My Little Pony Ponyville Reading Adventures Passport to Reading Level 2
by Alison Bechdel,Used&nbspTrade Paperback,$10.50,$16.99,Fun Home: A Family Tragicomic
by Gabriel Garcia Marquez,Used&nbspTrade Paperback,$10.50,$14.00,One Hundred Years of Solitude
by David Grann,Used&nbspTrade Paperback,$10.50,$17.95,The Lost City of Z: A Tale of Deadly Obsession in the Amazon
by Susie Steiner,Used&nbspTrade Paperback,$10.50,$17.00,Missing Presumed
by John Steinbeck,Used&nbspTrade Paperback,$10.50,$21.00,East of Eden
by Jon Krakauer,Used&nbspTrade Paperback,$10.50,$16.95,Into Thin Air A Personal Account of the Mount Everest Disaster
"by Kingsolver, Barbara and Kingsolver, Camille and Hopp, Steven L.",Used&nbspTrade Paperback,$10.50,$15.99,"Animal, Vegetable, Miracle: A Year of Food Life"
by The Oatmeal and Matthew Inman,Used&nbspTrade Paperback,$10.50,$14.99,How to Tell If Your Cat Is Plotting to Kill You
by Michael Scott,Used&nbspTrade Paperback,$10.50,$10.99,"The Alchemyst (The Secrets of the Immortal Nicholas Flamel, #1)"
by Amanda Coplin,Used&nbspTrade Paperback,$10.50,$16.99,The Orchardist
by Rinker Buck,Used&nbspTrade Paperback,$10.50,$18.99,The Oregon Trail: A New American Journey
by Dav Pilkey,Used&nbspHardcover,$10.50,$9.99,A Tale of Two Kitties: Dog Man 3
by Raina Telgemeier,Used&nbspTrade Paperback,$10.50,$10.99,Drama
by Brene Brown,Used&nbspHardcover,$10.50,$28.00,"Daring Greatly: How the Courage to Be Vulnerable Transforms the Way We Live, Love, Parent, and Lead"
by Tana French,Used&nbspTrade Paperback,$10.50,$17.00,In the Woods
by Fredrik Backman,Used&nbspTrade Paperback,$10.50,$17.00,Beartown: A Novel
by Khaled Hosseini,Used&nbspTrade Paperback,$10.50,$16.00,The Kite Runner
by David Sedaris,Used&nbspTrade Paperback,$10.50,$16.99,Me Talk Pretty One Day
by Orson Scott Card,Used&nbspMass Market,$10.50,$7.99,Ender's Game: Ender Wiggin Saga 1
by Michael Pollan,Used&nbspTrade Paperback,$10.50,$18.00,The Omnivore's Dilemma: A Natural History of Four Meals
by Gretchen Rubin,Used&nbspTrade Paperback,$10.50,$14.99,"The Happiness Project: Or, Why I Spent a Year Trying to Sing in the Morning, Clean My Closets, Fight Right, Read Aristotle, and Generally Have More Fun"
by Chris Colfer,Used&nbspTrade Paperback,$10.50,$9.99,Land of Stories (The Wishing Spell #1)
by John Green,Used&nbspTrade Paperback,$10.50,$12.99,The Fault in Our Stars
by Eric Carle,Used&nbspBoard Book,$10.50,$10.99,Very Hungry Caterpillar Board Book
by Brené Brown,Used&nbspTrade Paperback,$10.50,$16.95,The Gifts of Imperfection: Let Go of Who You Think You're Supposed to Be and Embrace Who You Are
by John Green,Used&nbspHardcover,$10.50,$19.99,Turtles All the Way Down
by Robin Sloan,Used&nbspTrade Paperback,$10.50,$17.00,Mr. Penumbra's 24-Hour Bookstore
by Garth Stein,Used&nbspTrade Paperback,$10.50,$16.99,The Art of Racing in the Rain
by Ruth Ware,Used&nbspTrade Paperback,$10.50,$16.00,"In a Dark, Dark Wood"
by Jess Walter,Used&nbspTrade Paperback,$10.50,$16.99,Beautiful Ruins
by J.D. Vance,Used&nbspHardcover,$10.50,$27.99,Hillbilly Elegy: A Memoir of a Family and Culture in Crisis
by Paulo Coelho,Used&nbspTrade Paperback,$10.50,$13.95,Alchemist
by John Green,Used&nbspTrade Paperback,$10.50,$12.99,Looking for Alaska
by Cormac McCarthy,Used&nbspTrade Paperback,$10.50,$16.95,The Road
by Madeleine LEngle,Used&nbspTrade Paperback,$10.50,$6.99,A Wrinkle in Time (Time Quintet #1)
by Malcolm Gladwell,Used&nbspTrade Paperback,$10.50,$17.99,Blink: The Power of Thinking Without Thinking
by Malcolm Gladwell,Used&nbspTrade Paperback,$10.50,$17.99,Outliers: The Story of Success
by Malcolm Gladwell,Used&nbspTrade Paperback,$10.50,$17.99,The Tipping Point: How Little Things Can Make a Big Difference
by Ray Bradbury,Used&nbspMass Market,$10.50,$6.99,Fahrenheit 451
by Erik Larson,Used&nbspTrade Paperback,$10.50,$17.00,"The Devil in the White City: Murder, Magic, and Madness at the Fair That Changed America"
by Jared Diamond,Used&nbspTrade Paperback,$10.50,$18.95,Guns Germs & Steel The Fates of Human Societies
by Lois Lowry,Used&nbspMass Market,$10.50,$6.99,Giver
by Raina Telgemeier,Used&nbspTrade Paperback,$10.50,$10.99,Sisters
by Nicola Yoon,Used&nbspTrade Paperback,$10.50,$10.99,"Everything, Everything"
by Vladimir Nabokov,Used&nbspTrade Paperback,$10.50,$16.00,Lolita
by Joseph Heller,Used&nbspTrade Paperback,$10.50,$16.00,Catch 22
by Celeste Ng,Used&nbspHardcover,$10.50,$27.00,Little Fires Everywhere
by B J Novak,Used&nbspHardcover,$10.50,$17.99,The Book with No Pictures
by Rebecca Skloot,Used&nbspTrade Paperback,$10.50,$17.00,The Immortal Life of Henrietta Lacks
by Dr. Seuss,Used&nbspHardcover,$10.50,$9.99,One Fish Two Fish Red Fish Blue Fish
by Leigh Bardugo,Used&nbspTrade Paperback,$10.50,$10.99,Shadow and Bone
by P.D. Eastman,Used&nbspHardcover,$10.50,$9.99,"Go, Dog. Go!"
by J K Rowling,Used&nbspHardcover,$10.50,$26.99,Harry Potter 01 & The Sorcerers Stone
by J K Rowling,Used&nbspHardcover,$10.50,$26.99,Harry Potter 02 & the Chamber of Secrets
by Amor Towles,Used&nbspTrade Paperback,$10.50,$18.00,Rules of Civility
by Elie Wiesel,Used&nbspTrade Paperback,$10.50,$11.00,Night
by Shel Silverstein,Used&nbspHardcover,$10.50,$18.99,Where The Sidewalk Ends 40th Anniversary
by J K Rowling,Used&nbspHardcover,$10.50,$26.99,Harry Potter 03 & the Prisoner of Azkaban
by Gillian Flynn,Used&nbspTrade Paperback,$10.50,$17.00,Sharp Objects
by Heather Morris,Used&nbspTrade Paperback,$11.95,$16.99,Tattooist of Auschwitz
by Rupi Kaur,Used&nbspTrade Paperback,$11.95,$16.99,The Sun and Her Flowers
by Delia Owens,Used&nbspHardcover,$11.95,$26.00,Where the Crawdads Sing
by Michelle Obama,Used&nbspHardcover,$11.95,$32.50,Becoming
by Rupi Kaur,Used&nbspTrade Paperback,$11.95,$14.99,milk and honey
by Min Jin Lee,Used&nbspTrade Paperback,$11.95,$16.99,Pachinko
by Fredrik Backman,Used&nbspTrade Paperback,$11.95,$17.00,A Man Called Ove: A Novel
by Andrew Sean Greer,Used&nbspTrade Paperback,$11.95,$15.99,Less: A Novel
by Gail Honeyman,Used&nbspTrade Paperback,$11.95,$16.00,Eleanor Oliphant Is Completely Fine
by Viet Thanh Nguyen,Used&nbspTrade Paperback,$11.95,$17.00,Sympathizer
"by Doerr, Anthony",Used&nbspHardcover,$11.95,$28.00,All the Light We Cannot See
by Ransom Riggs,Used&nbspTrade Paperback,$11.95,$10.99,Miss Peregrines Home for Peculiar Children
by Marie Kondo,Used&nbspHardcover,$11.95,$16.99,The Life-Changing Magic of Tidying Up
by Susan Cain,Used&nbspTrade Paperback,$11.95,$18.00,Quiet: The Power of Introverts in a World That Cant Stop Talking
by Cheryl Strayed,Used&nbspTrade Paperback,$11.95,$16.95,Wild: From Lost to Found on the Pacific Crest Trail
by Ernest Cline,Used&nbspTrade Paperback,$11.95,$17.00,Ready Player One
"by Tartt, Donna",Used&nbspTrade Paperback,$11.95,$20.00,The Goldfinch
by Jen Sincero,Used&nbspTrade Paperback,$11.95,$17.00,You Are a Badass: How to Stop Doubting Your Greatness and Start Living an Awesome Life
by J K Rowling,Used&nbspHardcover,$11.95,$29.99,"Harry Potter and the Cursed Child, Parts One & Two, Special Rehearsal Edition Script"
by Suzanne Collins,Used&nbspTrade Paperback,$11.95,$12.99,Hunger Games 01
"by Jamieson, Victoria",Used&nbspTrade Paperback,$11.95,$12.99,Roller Girl
by Paulo Coelho,Used&nbspTrade Paperback,$11.95,$14.99,Alchemist
by Susannah Cahalan,Used&nbspTrade Paperback,$11.95,$16.00,Brain on Fire: My Month of Madness
by Susan Orlean,Used&nbspTrade Paperback,$11.95,$16.99,The Library Book
by Elizabeth Gilbert,Used&nbspHardcover,$11.95,$28.00,City of Girls
by Elena Ferrante,Used&nbspTrade Paperback,$11.95,$17.00,My Brilliant Friend
by Anthony Horowitz,Used&nbspTrade Paperback,$11.95,$16.99,Magpie Murders
by Kate Quinn,Used&nbspTrade Paperback,$11.95,$16.99,Alice Network
by Daniel James Brown,Used&nbspTrade Paperback,$11.95,$18.00,The Boys in the Boat: Nine Americans and Their Epic Quest for Gold at the 1936 Berlin Olympics
by Erin Morgenstern,Used&nbspTrade Paperback,$11.95,$16.00,Night Circus
by Maria Semple,Used&nbspTrade Paperback,$11.95,$16.99,"Where'd You Go, Bernadette"
by J D Salinger,Used&nbspMass Market,$11.95,$9.99,The Catcher in the Rye
by Markus Zusak,Used&nbspTrade Paperback,$11.95,$14.99,The Book Thief
by J.K. Rowling,Used&nbspHardcover,$11.95,$34.99,Harry Potter 07 & The Deathly Hallows
by Dav Pilkey,Used&nbspHardcover,$11.95,$9.99,Dog Man and Cat Kid: Dog Man 4
by Andy Weir,Used&nbspTrade Paperback,$11.95,$17.00,The Martian
by Amor Towles,Used&nbspHardcover,$11.95,$27.00,A Gentleman in Moscow
by Chloe Benjamin,Used&nbspTrade Paperback,$11.95,$16.00,Immortalists
by Alexandra Horowitz,Used&nbspTrade Paperback,$11.95,$18.00,"Inside of a Dog: What Dogs See, Smell, and Know"
by Elizabeth Strout,Used&nbspTrade Paperback,$11.95,$17.00,Olive Kitteridge
by David Banis and Hunter Shobe,Used&nbspHardcover,$11.95,$24.95,Portlandness: A Cultural Atlas of Portland
by Dav Pilkey,Used&nbspHardcover,$11.95,$9.99,Dog Man Unleashed: Dog Man 2
by J K Rowling,Used&nbspHardcover,$11.95,$29.99,Harry Potter and the Order of the Phoenix
by Dav Pilkey,Used&nbspHardcover,$11.95,$9.99,Dog Man: Dog Man 1
by Jeannette Walls,Used&nbspTrade Paperback,$11.95,$17.00,The Glass Castle: A Memoir
by Raina Telgemeier,Used&nbspTrade Paperback,$11.95,$10.99,Ghosts
by Stephen King,Used&nbspTrade Paperback,$11.95,$19.99,It
by Eckhart Tolle,Used&nbspTrade Paperback,$11.95,$16.00,Power of Now A Guide to Spiritual Enlightenment
by Don Miguel Ruiz,Used&nbspTrade Paperback,$11.95,$12.95,Four Agreements A Practical Guide to Personal Freedom
by Fredrik Backman,Used&nbspTrade Paperback,$11.95,$17.00,My Grandmother Asked Me to Tell You She's Sorry: Britt-Marie 1
